0 verbose cli /usr/bin/node /usr/bin/npm
1 info using npm@10.8.2
2 info using node@v20.20.2
3 silly config load:file:/usr/lib/node_modules/npm/npmrc
4 silly config load:file:/www/frontend/.npmrc
5 silly config load:file:/var/www/.npmrc
6 silly config load:file:/usr/etc/npmrc
7 verbose title npm ci
8 verbose argv "ci"
9 verbose logfile logs-max:10 dir:/var/www/.npm/_logs/2026-05-02T10_06_16_973Z-
10 verbose logfile /var/www/.npm/_logs/2026-05-02T10_06_16_973Z-debug-0.log
11 silly packumentCache heap:2197815296 maxSize:549453824 maxEntrySize:274726912
12 silly logfile done cleaning log files
13 silly idealTree buildDeps
14 silly reify moves {}
15 http fetch GET 200 https://registry.npmjs.org/npm 612ms
16 silly audit bulk request {
16 silly audit   '@alloc/quick-lru': [ '5.2.0' ],
16 silly audit   '@babel/code-frame': [ '7.29.0' ],
16 silly audit   '@babel/compat-data': [ '7.29.0' ],
16 silly audit   '@babel/core': [ '7.29.0' ],
16 silly audit   '@babel/generator': [ '7.29.1' ],
16 silly audit   '@babel/helper-compilation-targets': [ '7.28.6' ],
16 silly audit   '@babel/helper-globals': [ '7.28.0' ],
16 silly audit   '@babel/helper-module-imports': [ '7.28.6' ],
16 silly audit   '@babel/helper-module-transforms': [ '7.28.6' ],
16 silly audit   '@babel/helper-plugin-utils': [ '7.28.6' ],
16 silly audit   '@babel/helper-string-parser': [ '7.27.1' ],
16 silly audit   '@babel/helper-validator-identifier': [ '7.28.5' ],
16 silly audit   '@babel/helper-validator-option': [ '7.27.1' ],
16 silly audit   '@babel/helpers': [ '7.29.2' ],
16 silly audit   '@babel/parser': [ '7.29.2' ],
16 silly audit   '@babel/plugin-transform-react-jsx-self': [ '7.27.1' ],
16 silly audit   '@babel/plugin-transform-react-jsx-source': [ '7.27.1' ],
16 silly audit   '@babel/template': [ '7.28.6' ],
16 silly audit   '@babel/traverse': [ '7.29.0' ],
16 silly audit   '@babel/types': [ '7.29.0' ],
16 silly audit   '@date-fns/tz': [ '1.4.1' ],
16 silly audit   '@emnapi/runtime': [ '1.9.2' ],
16 silly audit   '@esbuild/aix-ppc64': [ '0.21.5' ],
16 silly audit   '@esbuild/android-arm': [ '0.21.5' ],
16 silly audit   '@esbuild/android-arm64': [ '0.21.5' ],
16 silly audit   '@esbuild/android-x64': [ '0.21.5' ],
16 silly audit   '@esbuild/darwin-arm64': [ '0.21.5' ],
16 silly audit   '@esbuild/darwin-x64': [ '0.21.5' ],
16 silly audit   '@esbuild/freebsd-arm64': [ '0.21.5' ],
16 silly audit   '@esbuild/freebsd-x64': [ '0.21.5' ],
16 silly audit   '@esbuild/linux-arm': [ '0.21.5' ],
16 silly audit   '@esbuild/linux-arm64': [ '0.21.5' ],
16 silly audit   '@esbuild/linux-ia32': [ '0.21.5' ],
16 silly audit   '@esbuild/linux-loong64': [ '0.21.5' ],
16 silly audit   '@esbuild/linux-mips64el': [ '0.21.5' ],
16 silly audit   '@esbuild/linux-ppc64': [ '0.21.5' ],
16 silly audit   '@esbuild/linux-riscv64': [ '0.21.5' ],
16 silly audit   '@esbuild/linux-s390x': [ '0.21.5' ],
16 silly audit   '@esbuild/linux-x64': [ '0.21.5' ],
16 silly audit   '@esbuild/netbsd-x64': [ '0.21.5' ],
16 silly audit   '@esbuild/openbsd-x64': [ '0.21.5' ],
16 silly audit   '@esbuild/sunos-x64': [ '0.21.5' ],
16 silly audit   '@esbuild/win32-arm64': [ '0.21.5' ],
16 silly audit   '@esbuild/win32-ia32': [ '0.21.5' ],
16 silly audit   '@esbuild/win32-x64': [ '0.21.5' ],
16 silly audit   '@eslint-community/eslint-utils': [ '4.9.1' ],
16 silly audit   'eslint-visitor-keys': [ '3.4.3', '5.0.1', '4.2.1' ],
16 silly audit   '@eslint-community/regexpp': [ '4.12.2' ],
16 silly audit   '@eslint/config-array': [ '0.21.2' ],
16 silly audit   '@eslint/config-helpers': [ '0.4.2' ],
16 silly audit   '@eslint/core': [ '0.17.0' ],
16 silly audit   '@eslint/eslintrc': [ '3.3.5' ],
16 silly audit   globals: [ '14.0.0', '15.15.0' ],
16 silly audit   '@eslint/js': [ '9.39.4' ],
16 silly audit   '@eslint/object-schema': [ '2.1.7' ],
16 silly audit   '@eslint/plugin-kit': [ '0.4.1' ],
16 silly audit   '@floating-ui/core': [ '1.7.5' ],
16 silly audit   '@floating-ui/dom': [ '1.7.6' ],
16 silly audit   '@floating-ui/react-dom': [ '2.1.8' ],
16 silly audit   '@floating-ui/utils': [ '0.2.11' ],
16 silly audit   '@hookform/resolvers': [ '5.2.2' ],
16 silly audit   '@humanfs/core': [ '0.19.1' ],
16 silly audit   '@humanfs/node': [ '0.16.7' ],
16 silly audit   '@humanwhocodes/module-importer': [ '1.0.1' ],
16 silly audit   '@humanwhocodes/retry': [ '0.4.3' ],
16 silly audit   '@img/colour': [ '1.1.0' ],
16 silly audit   '@img/sharp-darwin-arm64': [ '0.34.5' ],
16 silly audit   '@img/sharp-darwin-x64': [ '0.34.5' ],
16 silly audit   '@img/sharp-libvips-darwin-arm64': [ '1.2.4' ],
16 silly audit   '@img/sharp-libvips-darwin-x64': [ '1.2.4' ],
16 silly audit   '@img/sharp-libvips-linux-arm': [ '1.2.4' ],
16 silly audit   '@img/sharp-libvips-linux-arm64': [ '1.2.4' ],
16 silly audit   '@img/sharp-libvips-linux-ppc64': [ '1.2.4' ],
16 silly audit   '@img/sharp-libvips-linux-riscv64': [ '1.2.4' ],
16 silly audit   '@img/sharp-libvips-linux-s390x': [ '1.2.4' ],
16 silly audit   '@img/sharp-libvips-linux-x64': [ '1.2.4' ],
16 silly audit   '@img/sharp-libvips-linuxmusl-arm64': [ '1.2.4' ],
16 silly audit   '@img/sharp-libvips-linuxmusl-x64': [ '1.2.4' ],
16 silly audit   '@img/sharp-linux-arm': [ '0.34.5' ],
16 silly audit   '@img/sharp-linux-arm64': [ '0.34.5' ],
16 silly audit   '@img/sharp-linux-ppc64': [ '0.34.5' ],
16 silly audit   '@img/sharp-linux-riscv64': [ '0.34.5' ],
16 silly audit   '@img/sharp-linux-s390x': [ '0.34.5' ],
16 silly audit   '@img/sharp-linux-x64': [ '0.34.5' ],
16 silly audit   '@img/sharp-linuxmusl-arm64': [ '0.34.5' ],
16 silly audit   '@img/sharp-linuxmusl-x64': [ '0.34.5' ],
16 silly audit   '@img/sharp-wasm32': [ '0.34.5' ],
16 silly audit   '@img/sharp-win32-arm64': [ '0.34.5' ],
16 silly audit   '@img/sharp-win32-ia32': [ '0.34.5' ],
16 silly audit   '@img/sharp-win32-x64': [ '0.34.5' ],
16 silly audit   '@jridgewell/gen-mapping': [ '0.3.13' ],
16 silly audit   '@jridgewell/remapping': [ '2.3.5' ],
16 silly audit   '@jridgewell/resolve-uri': [ '3.1.2' ],
16 silly audit   '@jridgewell/sourcemap-codec': [ '1.5.5' ],
16 silly audit   '@jridgewell/trace-mapping': [ '0.3.31' ],
16 silly audit   '@nodelib/fs.scandir': [ '2.1.5' ],
16 silly audit   '@nodelib/fs.stat': [ '2.0.5' ],
16 silly audit   '@nodelib/fs.walk': [ '1.2.8' ],
16 silly audit   '@radix-ui/number': [ '1.1.1' ],
16 silly audit   '@radix-ui/primitive': [ '1.1.3' ],
16 silly audit   '@radix-ui/react-accordion': [ '1.2.12' ],
16 silly audit   '@radix-ui/react-alert-dialog': [ '1.1.15' ],
16 silly audit   '@radix-ui/react-slot': [ '1.2.3', '1.2.4' ],
16 silly audit   '@radix-ui/react-arrow': [ '1.1.7' ],
16 silly audit   '@radix-ui/react-avatar': [ '1.1.11' ],
16 silly audit   '@radix-ui/react-context': [ '1.1.3', '1.1.2' ],
16 silly audit   '@radix-ui/react-primitive': [ '2.1.4', '2.1.3' ],
16 silly audit   '@radix-ui/react-checkbox': [ '1.3.3' ],
16 silly audit   '@radix-ui/react-collapsible': [ '1.1.12' ],
16 silly audit   '@radix-ui/react-collection': [ '1.1.7' ],
16 silly audit   '@radix-ui/react-compose-refs': [ '1.1.2' ],
16 silly audit   '@radix-ui/react-dialog': [ '1.1.15' ],
16 silly audit   '@radix-ui/react-direction': [ '1.1.1' ],
16 silly audit   '@radix-ui/react-dismissable-layer': [ '1.1.11' ],
16 silly audit   '@radix-ui/react-dropdown-menu': [ '2.1.16' ],
16 silly audit   '@radix-ui/react-focus-guards': [ '1.1.3' ],
16 silly audit   '@radix-ui/react-focus-scope': [ '1.1.7' ],
16 silly audit   '@radix-ui/react-id': [ '1.1.1' ],
16 silly audit   '@radix-ui/react-label': [ '2.1.8' ],
16 silly audit   '@radix-ui/react-menu': [ '2.1.16' ],
16 silly audit   '@radix-ui/react-menubar': [ '1.1.16' ],
16 silly audit   '@radix-ui/react-popover': [ '1.1.15' ],
16 silly audit   '@radix-ui/react-popper': [ '1.2.8' ],
16 silly audit   '@radix-ui/react-portal': [ '1.1.9' ],
16 silly audit   '@radix-ui/react-presence': [ '1.1.5' ],
16 silly audit   '@radix-ui/react-progress': [ '1.1.8' ],
16 silly audit   '@radix-ui/react-radio-group': [ '1.3.8' ],
16 silly audit   '@radix-ui/react-roving-focus': [ '1.1.11' ],
16 silly audit   '@radix-ui/react-scroll-area': [ '1.2.10' ],
16 silly audit   '@radix-ui/react-select': [ '2.2.6' ],
16 silly audit   '@radix-ui/react-separator': [ '1.1.8' ],
16 silly audit   '@radix-ui/react-slider': [ '1.3.6' ],
16 silly audit   '@radix-ui/react-switch': [ '1.2.6' ],
16 silly audit   '@radix-ui/react-tabs': [ '1.1.13' ],
16 silly audit   '@radix-ui/react-toast': [ '1.2.15' ],
16 silly audit   '@radix-ui/react-tooltip': [ '1.2.8' ],
16 silly audit   '@radix-ui/react-use-callback-ref': [ '1.1.1' ],
16 silly audit   '@radix-ui/react-use-controllable-state': [ '1.2.2' ],
16 silly audit   '@radix-ui/react-use-effect-event': [ '0.0.2' ],
16 silly audit   '@radix-ui/react-use-escape-keydown': [ '1.1.1' ],
16 silly audit   '@radix-ui/react-use-is-hydrated': [ '0.1.0' ],
16 silly audit   '@radix-ui/react-use-layout-effect': [ '1.1.1' ],
16 silly audit   '@radix-ui/react-use-previous': [ '1.1.1' ],
16 silly audit   '@radix-ui/react-use-rect': [ '1.1.1' ],
16 silly audit   '@radix-ui/react-use-size': [ '1.1.1' ],
16 silly audit   '@radix-ui/react-visually-hidden': [ '1.2.3' ],
16 silly audit   '@radix-ui/rect': [ '1.1.1' ],
16 silly audit   '@reduxjs/toolkit': [ '2.11.2' ],
16 silly audit   immer: [ '11.1.4', '10.2.0' ],
16 silly audit   '@rolldown/pluginutils': [ '1.0.0-beta.27' ],
16 silly audit   '@rollup/rollup-android-arm-eabi': [ '4.60.1' ],
16 silly audit   '@rollup/rollup-android-arm64': [ '4.60.1' ],
16 silly audit   '@rollup/rollup-darwin-arm64': [ '4.60.1' ],
16 silly audit   '@rollup/rollup-darwin-x64': [ '4.60.1' ],
16 silly audit   '@rollup/rollup-freebsd-arm64': [ '4.60.1' ],
16 silly audit   '@rollup/rollup-freebsd-x64': [ '4.60.1' ],
16 silly audit   '@rollup/rollup-linux-arm-gnueabihf': [ '4.60.1' ],
16 silly audit   '@rollup/rollup-linux-arm-musleabihf': [ '4.60.1' ],
16 silly audit   '@rollup/rollup-linux-arm64-gnu': [ '4.60.1' ],
16 silly audit   '@rollup/rollup-linux-arm64-musl': [ '4.60.1' ],
16 silly audit   '@rollup/rollup-linux-loong64-gnu': [ '4.60.1' ],
16 silly audit   '@rollup/rollup-linux-loong64-musl': [ '4.60.1' ],
16 silly audit   '@rollup/rollup-linux-ppc64-gnu': [ '4.60.1' ],
16 silly audit   '@rollup/rollup-linux-ppc64-musl': [ '4.60.1' ],
16 silly audit   '@rollup/rollup-linux-riscv64-gnu': [ '4.60.1' ],
16 silly audit   '@rollup/rollup-linux-riscv64-musl': [ '4.60.1' ],
16 silly audit   '@rollup/rollup-linux-s390x-gnu': [ '4.60.1' ],
16 silly audit   '@rollup/rollup-linux-x64-gnu': [ '4.60.1' ],
16 silly audit   '@rollup/rollup-linux-x64-musl': [ '4.60.1' ],
16 silly audit   '@rollup/rollup-openbsd-x64': [ '4.60.1' ],
16 silly audit   '@rollup/rollup-openharmony-arm64': [ '4.60.1' ],
16 silly audit   '@rollup/rollup-win32-arm64-msvc': [ '4.60.1' ],
16 silly audit   '@rollup/rollup-win32-ia32-msvc': [ '4.60.1' ],
16 silly audit   '@rollup/rollup-win32-x64-gnu': [ '4.60.1' ],
16 silly audit   '@rollup/rollup-win32-x64-msvc': [ '4.60.1' ],
16 silly audit   '@socket.io/component-emitter': [ '3.1.2' ],
16 silly audit   '@standard-schema/spec': [ '1.1.0' ],
16 silly audit   '@standard-schema/utils': [ '0.3.0' ],
16 silly audit   '@tabby_ai/hijri-converter': [ '1.0.5' ],
16 silly audit   '@tanstack/react-table': [ '8.21.3' ],
16 silly audit   '@tanstack/table-core': [ '8.21.3' ],
16 silly audit   '@types/babel__core': [ '7.20.5' ],
16 silly audit   '@types/babel__generator': [ '7.27.0' ],
16 silly audit   '@types/babel__template': [ '7.4.4' ],
16 silly audit   '@types/babel__traverse': [ '7.28.0' ],
16 silly audit   '@types/d3-array': [ '3.2.2' ],
16 silly audit   '@types/d3-color': [ '3.1.3' ],
16 silly audit   '@types/d3-ease': [ '3.0.2' ],
16 silly audit   '@types/d3-interpolate': [ '3.0.4' ],
16 silly audit   '@types/d3-path': [ '3.1.1' ],
16 silly audit   '@types/d3-scale': [ '4.0.9' ],
16 silly audit   '@types/d3-shape': [ '3.1.8' ],
16 silly audit   '@types/d3-time': [ '3.0.4' ],
16 silly audit   '@types/d3-timer': [ '3.0.2' ],
16 silly audit   '@types/estree': [ '1.0.8' ],
16 silly audit   '@types/json-schema': [ '7.0.15' ],
16 silly audit   '@types/node': [ '25.5.2' ],
16 silly audit   '@types/prop-types': [ '15.7.15' ],
16 silly audit   '@types/react': [ '18.3.28' ],
16 silly audit   '@types/react-dom': [ '18.3.7' ],
16 silly audit   '@types/use-sync-external-store': [ '0.0.6' ],
16 silly audit   '@typescript-eslint/eslint-plugin': [ '8.58.1' ],
16 silly audit   ignore: [ '7.0.5', '5.3.2' ],
16 silly audit   '@typescript-eslint/parser': [ '8.58.1' ],
16 silly audit   '@typescript-eslint/project-service': [ '8.58.1' ],
16 silly audit   '@typescript-eslint/scope-manager': [ '8.58.1' ],
16 silly audit   '@typescript-eslint/tsconfig-utils': [ '8.58.1' ],
16 silly audit   '@typescript-eslint/type-utils': [ '8.58.1' ],
16 silly audit   '@typescript-eslint/types': [ '8.58.1' ],
16 silly audit   '@typescript-eslint/typescript-estree': [ '8.58.1' ],
16 silly audit   'balanced-match': [ '4.0.4', '1.0.2' ],
16 silly audit   'brace-expansion': [ '5.0.5', '1.1.13' ],
16 silly audit   minimatch: [ '10.2.5', '3.1.5' ],
16 silly audit   semver: [ '7.7.4', '6.3.1' ],
16 silly audit   '@typescript-eslint/utils': [ '8.58.1' ],
16 silly audit   '@typescript-eslint/visitor-keys': [ '8.58.1' ],
16 silly audit   '@vitejs/plugin-react': [ '4.7.0' ],
16 silly audit   acorn: [ '8.16.0' ],
16 silly audit   'acorn-jsx': [ '5.3.2' ],
16 silly audit   ajv: [ '6.14.0' ],
16 silly audit   'ansi-styles': [ '4.3.0' ],
16 silly audit   'any-promise': [ '1.3.0' ],
16 silly audit   anymatch: [ '3.1.3' ],
16 silly audit   picomatch: [ '2.3.2', '4.0.4' ],
16 silly audit   arg: [ '5.0.2' ],
16 silly audit   argparse: [ '2.0.1' ],
16 silly audit   'aria-hidden': [ '1.2.6' ],
16 silly audit   asynckit: [ '0.4.0' ],
16 silly audit   autoprefixer: [ '10.4.27' ],
16 silly audit   axios: [ '1.15.0' ],
16 silly audit   'baseline-browser-mapping': [ '2.10.17' ],
16 silly audit   'binary-extensions': [ '2.3.0' ],
16 silly audit   braces: [ '3.0.3' ],
16 silly audit   browserslist: [ '4.28.2' ],
16 silly audit   'call-bind-apply-helpers': [ '1.0.2' ],
16 silly audit   callsites: [ '3.1.0' ],
16 silly audit   'camelcase-css': [ '2.0.1' ],
16 silly audit   'caniuse-lite': [ '1.0.30001787' ],
16 silly audit   chalk: [ '4.1.2' ],
16 silly audit   chokidar: [ '3.6.0' ],
16 silly audit   'glob-parent': [ '5.1.2', '6.0.2' ],
16 silly audit   'class-variance-authority': [ '0.7.1' ],
16 silly audit   clsx: [ '2.1.1' ],
16 silly audit   'color-convert': [ '2.0.1' ],
16 silly audit   'color-name': [ '1.1.4' ],
16 silly audit   'combined-stream': [ '1.0.8' ],
16 silly audit   commander: [ '4.1.1' ],
16 silly audit   'concat-map': [ '0.0.1' ],
16 silly audit   'convert-source-map': [ '2.0.0' ],
16 silly audit   cookie: [ '1.1.1' ],
16 silly audit   'cross-spawn': [ '7.0.6' ],
16 silly audit   cssesc: [ '3.0.0' ],
16 silly audit   csstype: [ '3.2.3' ],
16 silly audit   'd3-array': [ '3.2.4' ],
16 silly audit   'd3-color': [ '3.1.0' ],
16 silly audit   'd3-ease': [ '3.0.1' ],
16 silly audit   'd3-format': [ '3.1.2' ],
16 silly audit   'd3-interpolate': [ '3.0.1' ],
16 silly audit   'd3-path': [ '3.1.0' ],
16 silly audit   'd3-scale': [ '4.0.2' ],
16 silly audit   'd3-shape': [ '3.2.0' ],
16 silly audit   'd3-time': [ '3.1.0' ],
16 silly audit   'd3-time-format': [ '4.1.0' ],
16 silly audit   'd3-timer': [ '3.0.1' ],
16 silly audit   'date-fns': [ '4.1.0' ],
16 silly audit   'date-fns-jalali': [ '4.1.0-0' ],
16 silly audit   debug: [ '4.4.3' ],
16 silly audit   'decimal.js-light': [ '2.5.1' ],
16 silly audit   'deep-is': [ '0.1.4' ],
16 silly audit   'delayed-stream': [ '1.0.0' ],
16 silly audit   'detect-libc': [ '2.1.2' ],
16 silly audit   'detect-node-es': [ '1.1.0' ],
16 silly audit   didyoumean: [ '1.2.2' ],
16 silly audit   dlv: [ '1.1.3' ],
16 silly audit   'dunder-proto': [ '1.0.1' ],
16 silly audit   'electron-to-chromium': [ '1.5.334' ],
16 silly audit   'embla-carousel': [ '8.6.0' ],
16 silly audit   'embla-carousel-react': [ '8.6.0' ],
16 silly audit   'embla-carousel-reactive-utils': [ '8.6.0' ],
16 silly audit   'engine.io-client': [ '6.6.4' ],
16 silly audit   'engine.io-parser': [ '5.2.3' ],
16 silly audit   'es-define-property': [ '1.0.1' ],
16 silly audit   'es-errors': [ '1.3.0' ],
16 silly audit   'es-object-atoms': [ '1.1.1' ],
16 silly audit   'es-set-tostringtag': [ '2.1.0' ],
16 silly audit   'es-toolkit': [ '1.45.1' ],
16 silly audit   esbuild: [ '0.21.5' ],
16 silly audit   escalade: [ '3.2.0' ],
16 silly audit   'escape-string-regexp': [ '4.0.0' ],
16 silly audit   eslint: [ '9.39.4' ],
16 silly audit   'eslint-plugin-react-hooks': [ '5.2.0' ],
16 silly audit   'eslint-plugin-react-refresh': [ '0.4.26' ],
16 silly audit   'eslint-scope': [ '8.4.0' ],
16 silly audit   espree: [ '10.4.0' ],
16 silly audit   esquery: [ '1.7.0' ],
16 silly audit   esrecurse: [ '4.3.0' ],
16 silly audit   estraverse: [ '5.3.0' ],
16 silly audit   esutils: [ '2.0.3' ],
16 silly audit   eventemitter3: [ '5.0.4' ],
16 silly audit   'fast-deep-equal': [ '3.1.3' ],
16 silly audit   'fast-glob': [ '3.3.3' ],
16 silly audit   'fast-json-stable-stringify': [ '2.1.0' ],
16 silly audit   'fast-levenshtein': [ '2.0.6' ],
16 silly audit   fastq: [ '1.20.1' ],
16 silly audit   fdir: [ '6.5.0' ],
16 silly audit   'file-entry-cache': [ '8.0.0' ],
16 silly audit   'fill-range': [ '7.1.1' ],
16 silly audit   'find-up': [ '5.0.0' ],
16 silly audit   'flat-cache': [ '4.0.1' ],
16 silly audit   flatted: [ '3.4.2' ],
16 silly audit   'follow-redirects': [ '1.15.11' ],
16 silly audit   'form-data': [ '4.0.5' ],
16 silly audit   'fraction.js': [ '5.3.4' ],
16 silly audit   fsevents: [ '2.3.3' ],
16 silly audit   'function-bind': [ '1.1.2' ],
16 silly audit   gensync: [ '1.0.0-beta.2' ],
16 silly audit   'get-intrinsic': [ '1.3.0' ],
16 silly audit   'get-nonce': [ '1.0.1' ],
16 silly audit   'get-proto': [ '1.0.1' ],
16 silly audit   gopd: [ '1.2.0' ],
16 silly audit   'has-flag': [ '4.0.0' ],
16 silly audit   'has-symbols': [ '1.1.0' ],
16 silly audit   'has-tostringtag': [ '1.0.2' ],
16 silly audit   hasown: [ '2.0.2' ],
16 silly audit   'import-fresh': [ '3.3.1' ],
16 silly audit   imurmurhash: [ '0.1.4' ],
16 silly audit   internmap: [ '2.0.3' ],
16 silly audit   'is-binary-path': [ '2.1.0' ],
16 silly audit   'is-core-module': [ '2.16.1' ],
16 silly audit   'is-extglob': [ '2.1.1' ],
16 silly audit   'is-glob': [ '4.0.3' ],
16 silly audit   'is-number': [ '7.0.0' ],
16 silly audit   isexe: [ '2.0.0' ],
16 silly audit   jiti: [ '1.21.7' ],
16 silly audit   'js-tokens': [ '4.0.0' ],
16 silly audit   'js-yaml': [ '4.1.1' ],
16 silly audit   jsesc: [ '3.1.0' ],
16 silly audit   'json-buffer': [ '3.0.1' ],
16 silly audit   'json-schema-traverse': [ '0.4.1' ],
16 silly audit   'json-stable-stringify-without-jsonify': [ '1.0.1' ],
16 silly audit   json5: [ '2.2.3' ],
16 silly audit   keyv: [ '4.5.4' ],
16 silly audit   levn: [ '0.4.1' ],
16 silly audit   lilconfig: [ '3.1.3' ],
16 silly audit   'lines-and-columns': [ '1.2.4' ],
16 silly audit   'locate-path': [ '6.0.0' ],
16 silly audit   'lodash.merge': [ '4.6.2' ],
16 silly audit   'loose-envify': [ '1.4.0' ],
16 silly audit   'lru-cache': [ '5.1.1' ],
16 silly audit   'lucide-react': [ '1.8.0' ],
16 silly audit   'math-intrinsics': [ '1.1.0' ],
16 silly audit   merge2: [ '1.4.1' ],
16 silly audit   micromatch: [ '4.0.8' ],
16 silly audit   'mime-db': [ '1.52.0' ],
16 silly audit   'mime-types': [ '2.1.35' ],
16 silly audit   ms: [ '2.1.3' ],
16 silly audit   mz: [ '2.7.0' ],
16 silly audit   nanoid: [ '3.3.11' ],
16 silly audit   'natural-compare': [ '1.4.0' ],
16 silly audit   'node-releases': [ '2.0.37' ],
16 silly audit   'normalize-path': [ '3.0.0' ],
16 silly audit   'object-assign': [ '4.1.1' ],
16 silly audit   'object-hash': [ '3.0.0' ],
16 silly audit   optionator: [ '0.9.4' ],
16 silly audit   'p-limit': [ '3.1.0' ],
16 silly audit   'p-locate': [ '5.0.0' ],
16 silly audit   'parent-module': [ '1.0.1' ],
16 silly audit   'path-exists': [ '4.0.0' ],
16 silly audit   'path-key': [ '3.1.1' ],
16 silly audit   'path-parse': [ '1.0.7' ],
16 silly audit   picocolors: [ '1.1.1' ],
16 silly audit   pify: [ '2.3.0' ],
16 silly audit   pirates: [ '4.0.7' ],
16 silly audit   postcss: [ '8.5.9' ],
16 silly audit   'postcss-import': [ '15.1.0' ],
16 silly audit   'postcss-js': [ '4.1.0' ],
16 silly audit   'postcss-load-config': [ '6.0.1' ],
16 silly audit   'postcss-nested': [ '6.2.0' ],
16 silly audit   'postcss-selector-parser': [ '6.1.2' ],
16 silly audit   'postcss-value-parser': [ '4.2.0' ],
16 silly audit   'prelude-ls': [ '1.2.1' ],
16 silly audit   'proxy-from-env': [ '2.1.0' ],
16 silly audit   punycode: [ '2.3.1' ],
16 silly audit   'queue-microtask': [ '1.2.3' ],
16 silly audit   react: [ '18.3.1' ],
16 silly audit   'react-day-picker': [ '9.14.0' ],
16 silly audit   'react-dom': [ '18.3.1' ],
16 silly audit   'react-hook-form': [ '7.72.1' ],
16 silly audit   'react-is': [ '19.2.5' ],
16 silly audit   'react-redux': [ '9.2.0' ],
16 silly audit   'react-refresh': [ '0.17.0' ],
16 silly audit   'react-remove-scroll': [ '2.7.2' ],
16 silly audit   'react-remove-scroll-bar': [ '2.3.8' ],
16 silly audit   'react-router': [ '7.14.0' ],
16 silly audit   'react-router-dom': [ '7.14.0' ],
16 silly audit   'react-style-singleton': [ '2.2.3' ],
16 silly audit   'read-cache': [ '1.0.0' ],
16 silly audit   readdirp: [ '3.6.0' ],
16 silly audit   recharts: [ '3.8.1' ],
16 silly audit   redux: [ '5.0.1' ],
16 silly audit   'redux-thunk': [ '3.1.0' ],
16 silly audit   reselect: [ '5.1.1' ],
16 silly audit   resolve: [ '1.22.11' ],
16 silly audit   'resolve-from': [ '4.0.0' ],
16 silly audit   reusify: [ '1.1.0' ],
16 silly audit   rollup: [ '4.60.1' ],
16 silly audit   'run-parallel': [ '1.2.0' ],
16 silly audit   scheduler: [ '0.23.2' ],
16 silly audit   'set-cookie-parser': [ '2.7.2' ],
16 silly audit   sharp: [ '0.34.5' ],
16 silly audit   'shebang-command': [ '2.0.0' ],
16 silly audit   'shebang-regex': [ '3.0.0' ],
16 silly audit   'socket.io-client': [ '4.8.3' ],
16 silly audit   'socket.io-parser': [ '4.2.6' ],
16 silly audit   sonner: [ '2.0.7' ],
16 silly audit   'source-map-js': [ '1.2.1' ],
16 silly audit   'strip-json-comments': [ '3.1.1' ],
16 silly audit   sucrase: [ '3.35.1' ],
16 silly audit   'supports-color': [ '7.2.0' ],
16 silly audit   'supports-preserve-symlinks-flag': [ '1.0.0' ],
16 silly audit   'tailwind-merge': [ '3.5.0' ],
16 silly audit   tailwindcss: [ '3.4.19' ],
16 silly audit   'tailwindcss-animate': [ '1.0.7' ],
16 silly audit   thenify: [ '3.3.1' ],
16 silly audit   'thenify-all': [ '1.6.0' ],
16 silly audit   'tiny-invariant': [ '1.3.3' ],
16 silly audit   tinyglobby: [ '0.2.16' ],
16 silly audit   'to-regex-range': [ '5.0.1' ],
16 silly audit   'ts-api-utils': [ '2.5.0' ],
16 silly audit   'ts-interface-checker': [ '0.1.13' ],
16 silly audit   tslib: [ '2.8.1' ],
16 silly audit   'type-check': [ '0.4.0' ],
16 silly audit   typescript: [ '5.6.3' ],
16 silly audit   'typescript-eslint': [ '8.58.1' ],
16 silly audit   'undici-types': [ '7.18.2' ],
16 silly audit   'update-browserslist-db': [ '1.2.3' ],
16 silly audit   'uri-js': [ '4.4.1' ],
16 silly audit   'use-callback-ref': [ '1.3.3' ],
16 silly audit   'use-sidecar': [ '1.1.3' ],
16 silly audit   'use-sync-external-store': [ '1.6.0' ],
16 silly audit   'util-deprecate': [ '1.0.2' ],
16 silly audit   'victory-vendor': [ '37.3.6' ],
16 silly audit   vite: [ '5.4.21' ],
16 silly audit   which: [ '2.0.2' ],
16 silly audit   'word-wrap': [ '1.2.5' ],
16 silly audit   ws: [ '8.18.3' ],
16 silly audit   'xmlhttprequest-ssl': [ '2.1.2' ],
16 silly audit   yallist: [ '3.1.1' ],
16 silly audit   'yocto-queue': [ '0.1.0' ],
16 silly audit   zod: [ '4.3.6' ],
16 silly audit   zustand: [ '5.0.12' ]
16 silly audit }
17 verbose reify failed optional dependency /www/frontend/node_modules/fsevents
18 silly reify mark deleted [ '/www/frontend/node_modules/fsevents' ]
19 verbose reify failed optional dependency /www/frontend/node_modules/@rollup/rollup-win32-x64-msvc
20 silly reify mark deleted [ '/www/frontend/node_modules/@rollup/rollup-win32-x64-msvc' ]
21 verbose reify failed optional dependency /www/frontend/node_modules/@rollup/rollup-win32-x64-gnu
22 silly reify mark deleted [ '/www/frontend/node_modules/@rollup/rollup-win32-x64-gnu' ]
23 verbose reify failed optional dependency /www/frontend/node_modules/@rollup/rollup-win32-ia32-msvc
24 silly reify mark deleted [ '/www/frontend/node_modules/@rollup/rollup-win32-ia32-msvc' ]
25 verbose reify failed optional dependency /www/frontend/node_modules/@rollup/rollup-win32-arm64-msvc
26 silly reify mark deleted [ '/www/frontend/node_modules/@rollup/rollup-win32-arm64-msvc' ]
27 verbose reify failed optional dependency /www/frontend/node_modules/@rollup/rollup-openharmony-arm64
28 silly reify mark deleted [ '/www/frontend/node_modules/@rollup/rollup-openharmony-arm64' ]
29 verbose reify failed optional dependency /www/frontend/node_modules/@rollup/rollup-openbsd-x64
30 silly reify mark deleted [ '/www/frontend/node_modules/@rollup/rollup-openbsd-x64' ]
31 verbose reify failed optional dependency /www/frontend/node_modules/@rollup/rollup-linux-s390x-gnu
32 silly reify mark deleted [ '/www/frontend/node_modules/@rollup/rollup-linux-s390x-gnu' ]
33 verbose reify failed optional dependency /www/frontend/node_modules/@rollup/rollup-linux-riscv64-musl
34 silly reify mark deleted [ '/www/frontend/node_modules/@rollup/rollup-linux-riscv64-musl' ]
35 verbose reify failed optional dependency /www/frontend/node_modules/@rollup/rollup-linux-riscv64-gnu
36 silly reify mark deleted [ '/www/frontend/node_modules/@rollup/rollup-linux-riscv64-gnu' ]
37 verbose reify failed optional dependency /www/frontend/node_modules/@rollup/rollup-linux-ppc64-musl
38 silly reify mark deleted [ '/www/frontend/node_modules/@rollup/rollup-linux-ppc64-musl' ]
39 verbose reify failed optional dependency /www/frontend/node_modules/@rollup/rollup-linux-ppc64-gnu
40 silly reify mark deleted [ '/www/frontend/node_modules/@rollup/rollup-linux-ppc64-gnu' ]
41 verbose reify failed optional dependency /www/frontend/node_modules/@rollup/rollup-linux-loong64-musl
42 silly reify mark deleted [ '/www/frontend/node_modules/@rollup/rollup-linux-loong64-musl' ]
43 verbose reify failed optional dependency /www/frontend/node_modules/@rollup/rollup-linux-loong64-gnu
44 silly reify mark deleted [ '/www/frontend/node_modules/@rollup/rollup-linux-loong64-gnu' ]
45 verbose reify failed optional dependency /www/frontend/node_modules/@rollup/rollup-linux-arm64-musl
46 silly reify mark deleted [ '/www/frontend/node_modules/@rollup/rollup-linux-arm64-musl' ]
47 verbose reify failed optional dependency /www/frontend/node_modules/@rollup/rollup-linux-arm64-gnu
48 silly reify mark deleted [ '/www/frontend/node_modules/@rollup/rollup-linux-arm64-gnu' ]
49 verbose reify failed optional dependency /www/frontend/node_modules/@rollup/rollup-linux-arm-musleabihf
50 silly reify mark deleted [ '/www/frontend/node_modules/@rollup/rollup-linux-arm-musleabihf' ]
51 verbose reify failed optional dependency /www/frontend/node_modules/@rollup/rollup-linux-arm-gnueabihf
52 silly reify mark deleted [ '/www/frontend/node_modules/@rollup/rollup-linux-arm-gnueabihf' ]
53 verbose reify failed optional dependency /www/frontend/node_modules/@rollup/rollup-freebsd-x64
54 silly reify mark deleted [ '/www/frontend/node_modules/@rollup/rollup-freebsd-x64' ]
55 verbose reify failed optional dependency /www/frontend/node_modules/@rollup/rollup-freebsd-arm64
56 silly reify mark deleted [ '/www/frontend/node_modules/@rollup/rollup-freebsd-arm64' ]
57 verbose reify failed optional dependency /www/frontend/node_modules/@rollup/rollup-darwin-x64
58 silly reify mark deleted [ '/www/frontend/node_modules/@rollup/rollup-darwin-x64' ]
59 verbose reify failed optional dependency /www/frontend/node_modules/@rollup/rollup-darwin-arm64
60 silly reify mark deleted [ '/www/frontend/node_modules/@rollup/rollup-darwin-arm64' ]
61 verbose reify failed optional dependency /www/frontend/node_modules/@rollup/rollup-android-arm64
62 silly reify mark deleted [ '/www/frontend/node_modules/@rollup/rollup-android-arm64' ]
63 verbose reify failed optional dependency /www/frontend/node_modules/@rollup/rollup-android-arm-eabi
64 silly reify mark deleted [ '/www/frontend/node_modules/@rollup/rollup-android-arm-eabi' ]
65 verbose reify failed optional dependency /www/frontend/node_modules/@img/sharp-win32-x64
66 silly reify mark deleted [ '/www/frontend/node_modules/@img/sharp-win32-x64' ]
67 verbose reify failed optional dependency /www/frontend/node_modules/@img/sharp-win32-ia32
68 silly reify mark deleted [ '/www/frontend/node_modules/@img/sharp-win32-ia32' ]
69 verbose reify failed optional dependency /www/frontend/node_modules/@img/sharp-win32-arm64
70 silly reify mark deleted [ '/www/frontend/node_modules/@img/sharp-win32-arm64' ]
71 verbose reify failed optional dependency /www/frontend/node_modules/@img/sharp-wasm32
72 silly reify mark deleted [ '/www/frontend/node_modules/@img/sharp-wasm32' ]
73 verbose reify failed optional dependency /www/frontend/node_modules/@emnapi/runtime
74 silly reify mark deleted [ '/www/frontend/node_modules/@emnapi/runtime' ]
75 verbose reify failed optional dependency /www/frontend/node_modules/@img/sharp-linuxmusl-arm64
76 silly reify mark deleted [ '/www/frontend/node_modules/@img/sharp-linuxmusl-arm64' ]
77 verbose reify failed optional dependency /www/frontend/node_modules/@img/sharp-linux-s390x
78 silly reify mark deleted [ '/www/frontend/node_modules/@img/sharp-linux-s390x' ]
79 verbose reify failed optional dependency /www/frontend/node_modules/@img/sharp-linux-riscv64
80 silly reify mark deleted [ '/www/frontend/node_modules/@img/sharp-linux-riscv64' ]
81 verbose reify failed optional dependency /www/frontend/node_modules/@img/sharp-linux-ppc64
82 silly reify mark deleted [ '/www/frontend/node_modules/@img/sharp-linux-ppc64' ]
83 verbose reify failed optional dependency /www/frontend/node_modules/@img/sharp-linux-arm64
84 silly reify mark deleted [ '/www/frontend/node_modules/@img/sharp-linux-arm64' ]
85 verbose reify failed optional dependency /www/frontend/node_modules/@img/sharp-linux-arm
86 silly reify mark deleted [ '/www/frontend/node_modules/@img/sharp-linux-arm' ]
87 verbose reify failed optional dependency /www/frontend/node_modules/@img/sharp-libvips-linuxmusl-arm64
88 silly reify mark deleted [ '/www/frontend/node_modules/@img/sharp-libvips-linuxmusl-arm64' ]
89 verbose reify failed optional dependency /www/frontend/node_modules/@img/sharp-libvips-linux-s390x
90 silly reify mark deleted [ '/www/frontend/node_modules/@img/sharp-libvips-linux-s390x' ]
91 verbose reify failed optional dependency /www/frontend/node_modules/@img/sharp-libvips-linux-riscv64
92 silly reify mark deleted [ '/www/frontend/node_modules/@img/sharp-libvips-linux-riscv64' ]
93 verbose reify failed optional dependency /www/frontend/node_modules/@img/sharp-libvips-linux-ppc64
94 silly reify mark deleted [ '/www/frontend/node_modules/@img/sharp-libvips-linux-ppc64' ]
95 verbose reify failed optional dependency /www/frontend/node_modules/@img/sharp-libvips-linux-arm64
96 silly reify mark deleted [ '/www/frontend/node_modules/@img/sharp-libvips-linux-arm64' ]
97 verbose reify failed optional dependency /www/frontend/node_modules/@img/sharp-libvips-linux-arm
98 silly reify mark deleted [ '/www/frontend/node_modules/@img/sharp-libvips-linux-arm' ]
99 verbose reify failed optional dependency /www/frontend/node_modules/@img/sharp-libvips-darwin-x64
100 silly reify mark deleted [ '/www/frontend/node_modules/@img/sharp-libvips-darwin-x64' ]
101 verbose reify failed optional dependency /www/frontend/node_modules/@img/sharp-libvips-darwin-arm64
102 silly reify mark deleted [ '/www/frontend/node_modules/@img/sharp-libvips-darwin-arm64' ]
103 verbose reify failed optional dependency /www/frontend/node_modules/@img/sharp-darwin-x64
104 silly reify mark deleted [ '/www/frontend/node_modules/@img/sharp-darwin-x64' ]
105 verbose reify failed optional dependency /www/frontend/node_modules/@img/sharp-darwin-arm64
106 silly reify mark deleted [ '/www/frontend/node_modules/@img/sharp-darwin-arm64' ]
107 verbose reify failed optional dependency /www/frontend/node_modules/@esbuild/win32-x64
108 silly reify mark deleted [ '/www/frontend/node_modules/@esbuild/win32-x64' ]
109 verbose reify failed optional dependency /www/frontend/node_modules/@esbuild/win32-ia32
110 silly reify mark deleted [ '/www/frontend/node_modules/@esbuild/win32-ia32' ]
111 verbose reify failed optional dependency /www/frontend/node_modules/@esbuild/win32-arm64
112 silly reify mark deleted [ '/www/frontend/node_modules/@esbuild/win32-arm64' ]
113 verbose reify failed optional dependency /www/frontend/node_modules/@esbuild/sunos-x64
114 silly reify mark deleted [ '/www/frontend/node_modules/@esbuild/sunos-x64' ]
115 verbose reify failed optional dependency /www/frontend/node_modules/@esbuild/openbsd-x64
116 silly reify mark deleted [ '/www/frontend/node_modules/@esbuild/openbsd-x64' ]
117 verbose reify failed optional dependency /www/frontend/node_modules/@esbuild/netbsd-x64
118 silly reify mark deleted [ '/www/frontend/node_modules/@esbuild/netbsd-x64' ]
119 verbose reify failed optional dependency /www/frontend/node_modules/@esbuild/linux-s390x
120 silly reify mark deleted [ '/www/frontend/node_modules/@esbuild/linux-s390x' ]
121 verbose reify failed optional dependency /www/frontend/node_modules/@esbuild/linux-riscv64
122 silly reify mark deleted [ '/www/frontend/node_modules/@esbuild/linux-riscv64' ]
123 verbose reify failed optional dependency /www/frontend/node_modules/@esbuild/linux-ppc64
124 silly reify mark deleted [ '/www/frontend/node_modules/@esbuild/linux-ppc64' ]
125 verbose reify failed optional dependency /www/frontend/node_modules/@esbuild/linux-mips64el
126 silly reify mark deleted [ '/www/frontend/node_modules/@esbuild/linux-mips64el' ]
127 verbose reify failed optional dependency /www/frontend/node_modules/@esbuild/linux-loong64
128 silly reify mark deleted [ '/www/frontend/node_modules/@esbuild/linux-loong64' ]
129 verbose reify failed optional dependency /www/frontend/node_modules/@esbuild/linux-ia32
130 silly reify mark deleted [ '/www/frontend/node_modules/@esbuild/linux-ia32' ]
131 verbose reify failed optional dependency /www/frontend/node_modules/@esbuild/linux-arm64
132 silly reify mark deleted [ '/www/frontend/node_modules/@esbuild/linux-arm64' ]
133 verbose reify failed optional dependency /www/frontend/node_modules/@esbuild/linux-arm
134 silly reify mark deleted [ '/www/frontend/node_modules/@esbuild/linux-arm' ]
135 verbose reify failed optional dependency /www/frontend/node_modules/@esbuild/freebsd-x64
136 silly reify mark deleted [ '/www/frontend/node_modules/@esbuild/freebsd-x64' ]
137 verbose reify failed optional dependency /www/frontend/node_modules/@esbuild/freebsd-arm64
138 silly reify mark deleted [ '/www/frontend/node_modules/@esbuild/freebsd-arm64' ]
139 verbose reify failed optional dependency /www/frontend/node_modules/@esbuild/darwin-x64
140 silly reify mark deleted [ '/www/frontend/node_modules/@esbuild/darwin-x64' ]
141 verbose reify failed optional dependency /www/frontend/node_modules/@esbuild/darwin-arm64
142 silly reify mark deleted [ '/www/frontend/node_modules/@esbuild/darwin-arm64' ]
143 verbose reify failed optional dependency /www/frontend/node_modules/@esbuild/android-x64
144 silly reify mark deleted [ '/www/frontend/node_modules/@esbuild/android-x64' ]
145 verbose reify failed optional dependency /www/frontend/node_modules/@esbuild/android-arm64
146 silly reify mark deleted [ '/www/frontend/node_modules/@esbuild/android-arm64' ]
147 verbose reify failed optional dependency /www/frontend/node_modules/@esbuild/android-arm
148 silly reify mark deleted [ '/www/frontend/node_modules/@esbuild/android-arm' ]
149 verbose reify failed optional dependency /www/frontend/node_modules/@esbuild/aix-ppc64
150 silly reify mark deleted [ '/www/frontend/node_modules/@esbuild/aix-ppc64' ]
151 silly tarball no local data for zustand@https://registry.npmjs.org/zustand/-/zustand-5.0.12.tgz. Extracting by manifest.
152 silly tarball no local data for zod@https://registry.npmjs.org/zod/-/zod-4.3.6.tgz. Extracting by manifest.
153 silly tarball no local data for yocto-queue@https://registry.npmjs.org/yocto-queue/-/yocto-queue-0.1.0.tgz. Extracting by manifest.
154 silly tarball no local data for yallist@https://registry.npmjs.org/yallist/-/yallist-3.1.1.tgz. Extracting by manifest.
155 silly tarball no local data for xmlhttprequest-ssl@https://registry.npmjs.org/xmlhttprequest-ssl/-/xmlhttprequest-ssl-2.1.2.tgz. Extracting by manifest.
156 silly tarball no local data for ws@https://registry.npmjs.org/ws/-/ws-8.18.3.tgz. Extracting by manifest.
157 silly tarball no local data for word-wrap@https://registry.npmjs.org/word-wrap/-/word-wrap-1.2.5.tgz. Extracting by manifest.
158 silly tarball no local data for vite@https://registry.npmjs.org/vite/-/vite-5.4.21.tgz. Extracting by manifest.
159 silly tarball no local data for which@https://registry.npmjs.org/which/-/which-2.0.2.tgz. Extracting by manifest.
160 silly tarball no local data for util-deprecate@https://registry.npmjs.org/util-deprecate/-/util-deprecate-1.0.2.tgz. Extracting by manifest.
161 silly tarball no local data for victory-vendor@https://registry.npmjs.org/victory-vendor/-/victory-vendor-37.3.6.tgz. Extracting by manifest.
162 silly tarball no local data for use-sync-external-store@https://registry.npmjs.org/use-sync-external-store/-/use-sync-external-store-1.6.0.tgz. Extracting by manifest.
163 silly tarball no local data for use-sidecar@https://registry.npmjs.org/use-sidecar/-/use-sidecar-1.1.3.tgz. Extracting by manifest.
164 silly tarball no local data for use-callback-ref@https://registry.npmjs.org/use-callback-ref/-/use-callback-ref-1.3.3.tgz. Extracting by manifest.
165 silly tarball no local data for uri-js@https://registry.npmjs.org/uri-js/-/uri-js-4.4.1.tgz. Extracting by manifest.
166 silly tarball no local data for update-browserslist-db@https://registry.npmjs.org/update-browserslist-db/-/update-browserslist-db-1.2.3.tgz. Extracting by manifest.
167 silly tarball no local data for undici-types@https://registry.npmjs.org/undici-types/-/undici-types-7.18.2.tgz. Extracting by manifest.
168 silly tarball no local data for typescript-eslint@https://registry.npmjs.org/typescript-eslint/-/typescript-eslint-8.58.1.tgz. Extracting by manifest.
169 silly tarball no local data for typescript@https://registry.npmjs.org/typescript/-/typescript-5.6.3.tgz. Extracting by manifest.
170 silly tarball no local data for type-check@https://registry.npmjs.org/type-check/-/type-check-0.4.0.tgz. Extracting by manifest.
171 silly tarball no local data for tslib@https://registry.npmjs.org/tslib/-/tslib-2.8.1.tgz. Extracting by manifest.
172 silly tarball no local data for ts-interface-checker@https://registry.npmjs.org/ts-interface-checker/-/ts-interface-checker-0.1.13.tgz. Extracting by manifest.
173 silly tarball no local data for to-regex-range@https://registry.npmjs.org/to-regex-range/-/to-regex-range-5.0.1.tgz. Extracting by manifest.
174 silly tarball no local data for tinyglobby@https://registry.npmjs.org/tinyglobby/-/tinyglobby-0.2.16.tgz. Extracting by manifest.
175 silly tarball no local data for tiny-invariant@https://registry.npmjs.org/tiny-invariant/-/tiny-invariant-1.3.3.tgz. Extracting by manifest.
176 silly tarball no local data for ts-api-utils@https://registry.npmjs.org/ts-api-utils/-/ts-api-utils-2.5.0.tgz. Extracting by manifest.
177 silly tarball no local data for thenify-all@https://registry.npmjs.org/thenify-all/-/thenify-all-1.6.0.tgz. Extracting by manifest.
178 silly tarball no local data for tailwindcss-animate@https://registry.npmjs.org/tailwindcss-animate/-/tailwindcss-animate-1.0.7.tgz. Extracting by manifest.
179 silly tarball no local data for tailwindcss@https://registry.npmjs.org/tailwindcss/-/tailwindcss-3.4.19.tgz. Extracting by manifest.
180 silly tarball no local data for tailwind-merge@https://registry.npmjs.org/tailwind-merge/-/tailwind-merge-3.5.0.tgz. Extracting by manifest.
181 silly tarball no local data for thenify@https://registry.npmjs.org/thenify/-/thenify-3.3.1.tgz. Extracting by manifest.
182 silly tarball no local data for supports-preserve-symlinks-flag@https://registry.npmjs.org/supports-preserve-symlinks-flag/-/supports-preserve-symlinks-flag-1.0.0.tgz. Extracting by manifest.
183 silly tarball no local data for supports-color@https://registry.npmjs.org/supports-color/-/supports-color-7.2.0.tgz. Extracting by manifest.
184 silly tarball no local data for sucrase@https://registry.npmjs.org/sucrase/-/sucrase-3.35.1.tgz. Extracting by manifest.
185 silly tarball no local data for strip-json-comments@https://registry.npmjs.org/strip-json-comments/-/strip-json-comments-3.1.1.tgz. Extracting by manifest.
186 silly tarball no local data for source-map-js@https://registry.npmjs.org/source-map-js/-/source-map-js-1.2.1.tgz. Extracting by manifest.
187 silly tarball no local data for socket.io-parser@https://registry.npmjs.org/socket.io-parser/-/socket.io-parser-4.2.6.tgz. Extracting by manifest.
188 silly tarball no local data for sonner@https://registry.npmjs.org/sonner/-/sonner-2.0.7.tgz. Extracting by manifest.
189 silly tarball no local data for socket.io-client@https://registry.npmjs.org/socket.io-client/-/socket.io-client-4.8.3.tgz. Extracting by manifest.
190 silly tarball no local data for shebang-regex@https://registry.npmjs.org/shebang-regex/-/shebang-regex-3.0.0.tgz. Extracting by manifest.
191 silly tarball no local data for shebang-command@https://registry.npmjs.org/shebang-command/-/shebang-command-2.0.0.tgz. Extracting by manifest.
192 silly tarball no local data for sharp@https://registry.npmjs.org/sharp/-/sharp-0.34.5.tgz. Extracting by manifest.
193 silly tarball no local data for set-cookie-parser@https://registry.npmjs.org/set-cookie-parser/-/set-cookie-parser-2.7.2.tgz. Extracting by manifest.
194 silly tarball no local data for semver@https://registry.npmjs.org/semver/-/semver-6.3.1.tgz. Extracting by manifest.
195 silly tarball no local data for scheduler@https://registry.npmjs.org/scheduler/-/scheduler-0.23.2.tgz. Extracting by manifest.
196 silly tarball no local data for run-parallel@https://registry.npmjs.org/run-parallel/-/run-parallel-1.2.0.tgz. Extracting by manifest.
197 silly tarball no local data for rollup@https://registry.npmjs.org/rollup/-/rollup-4.60.1.tgz. Extracting by manifest.
198 silly tarball no local data for resolve-from@https://registry.npmjs.org/resolve-from/-/resolve-from-4.0.0.tgz. Extracting by manifest.
199 silly tarball no local data for reusify@https://registry.npmjs.org/reusify/-/reusify-1.1.0.tgz. Extracting by manifest.
200 silly tarball no local data for reselect@https://registry.npmjs.org/reselect/-/reselect-5.1.1.tgz. Extracting by manifest.
201 silly tarball no local data for redux-thunk@https://registry.npmjs.org/redux-thunk/-/redux-thunk-3.1.0.tgz. Extracting by manifest.
202 silly tarball no local data for resolve@https://registry.npmjs.org/resolve/-/resolve-1.22.11.tgz. Extracting by manifest.
203 silly tarball no local data for redux@https://registry.npmjs.org/redux/-/redux-5.0.1.tgz. Extracting by manifest.
204 silly tarball no local data for recharts@https://registry.npmjs.org/recharts/-/recharts-3.8.1.tgz. Extracting by manifest.
205 silly tarball no local data for readdirp@https://registry.npmjs.org/readdirp/-/readdirp-3.6.0.tgz. Extracting by manifest.
206 silly tarball no local data for read-cache@https://registry.npmjs.org/read-cache/-/read-cache-1.0.0.tgz. Extracting by manifest.
207 silly tarball no local data for react-router-dom@https://registry.npmjs.org/react-router-dom/-/react-router-dom-7.14.0.tgz. Extracting by manifest.
208 silly tarball no local data for react-router@https://registry.npmjs.org/react-router/-/react-router-7.14.0.tgz. Extracting by manifest.
209 silly tarball no local data for react-remove-scroll-bar@https://registry.npmjs.org/react-remove-scroll-bar/-/react-remove-scroll-bar-2.3.8.tgz. Extracting by manifest.
210 silly tarball no local data for react-style-singleton@https://registry.npmjs.org/react-style-singleton/-/react-style-singleton-2.2.3.tgz. Extracting by manifest.
211 silly tarball no local data for react-remove-scroll@https://registry.npmjs.org/react-remove-scroll/-/react-remove-scroll-2.7.2.tgz. Extracting by manifest.
212 silly tarball no local data for react-refresh@https://registry.npmjs.org/react-refresh/-/react-refresh-0.17.0.tgz. Extracting by manifest.
213 silly tarball no local data for react-redux@https://registry.npmjs.org/react-redux/-/react-redux-9.2.0.tgz. Extracting by manifest.
214 silly tarball no local data for react-is@https://registry.npmjs.org/react-is/-/react-is-19.2.5.tgz. Extracting by manifest.
215 silly tarball no local data for react-hook-form@https://registry.npmjs.org/react-hook-form/-/react-hook-form-7.72.1.tgz. Extracting by manifest.
216 silly tarball no local data for react-dom@https://registry.npmjs.org/react-dom/-/react-dom-18.3.1.tgz. Extracting by manifest.
217 silly tarball no local data for react-day-picker@https://registry.npmjs.org/react-day-picker/-/react-day-picker-9.14.0.tgz. Extracting by manifest.
218 silly tarball no local data for react@https://registry.npmjs.org/react/-/react-18.3.1.tgz. Extracting by manifest.
219 silly tarball no local data for queue-microtask@https://registry.npmjs.org/queue-microtask/-/queue-microtask-1.2.3.tgz. Extracting by manifest.
220 silly tarball no local data for punycode@https://registry.npmjs.org/punycode/-/punycode-2.3.1.tgz. Extracting by manifest.
221 silly tarball no local data for prelude-ls@https://registry.npmjs.org/prelude-ls/-/prelude-ls-1.2.1.tgz. Extracting by manifest.
222 silly tarball no local data for proxy-from-env@https://registry.npmjs.org/proxy-from-env/-/proxy-from-env-2.1.0.tgz. Extracting by manifest.
223 silly tarball no local data for postcss-value-parser@https://registry.npmjs.org/postcss-value-parser/-/postcss-value-parser-4.2.0.tgz. Extracting by manifest.
224 silly tarball no local data for postcss-selector-parser@https://registry.npmjs.org/postcss-selector-parser/-/postcss-selector-parser-6.1.2.tgz. Extracting by manifest.
225 silly tarball no local data for postcss-nested@https://registry.npmjs.org/postcss-nested/-/postcss-nested-6.2.0.tgz. Extracting by manifest.
226 silly tarball no local data for postcss-load-config@https://registry.npmjs.org/postcss-load-config/-/postcss-load-config-6.0.1.tgz. Extracting by manifest.
227 silly tarball no local data for postcss-js@https://registry.npmjs.org/postcss-js/-/postcss-js-4.1.0.tgz. Extracting by manifest.
228 silly tarball no local data for postcss-import@https://registry.npmjs.org/postcss-import/-/postcss-import-15.1.0.tgz. Extracting by manifest.
229 silly tarball no local data for postcss@https://registry.npmjs.org/postcss/-/postcss-8.5.9.tgz. Extracting by manifest.
230 silly tarball no local data for pirates@https://registry.npmjs.org/pirates/-/pirates-4.0.7.tgz. Extracting by manifest.
231 silly tarball no local data for picomatch@https://registry.npmjs.org/picomatch/-/picomatch-4.0.4.tgz. Extracting by manifest.
232 silly tarball no local data for pify@https://registry.npmjs.org/pify/-/pify-2.3.0.tgz. Extracting by manifest.
233 silly tarball no local data for picocolors@https://registry.npmjs.org/picocolors/-/picocolors-1.1.1.tgz. Extracting by manifest.
234 silly tarball no local data for path-parse@https://registry.npmjs.org/path-parse/-/path-parse-1.0.7.tgz. Extracting by manifest.
235 silly tarball no local data for path-exists@https://registry.npmjs.org/path-exists/-/path-exists-4.0.0.tgz. Extracting by manifest.
236 silly tarball no local data for path-key@https://registry.npmjs.org/path-key/-/path-key-3.1.1.tgz. Extracting by manifest.
237 silly tarball no local data for parent-module@https://registry.npmjs.org/parent-module/-/parent-module-1.0.1.tgz. Extracting by manifest.
238 silly tarball no local data for p-locate@https://registry.npmjs.org/p-locate/-/p-locate-5.0.0.tgz. Extracting by manifest.
239 silly tarball no local data for p-limit@https://registry.npmjs.org/p-limit/-/p-limit-3.1.0.tgz. Extracting by manifest.
240 silly tarball no local data for object-hash@https://registry.npmjs.org/object-hash/-/object-hash-3.0.0.tgz. Extracting by manifest.
241 silly tarball no local data for optionator@https://registry.npmjs.org/optionator/-/optionator-0.9.4.tgz. Extracting by manifest.
242 silly tarball no local data for object-assign@https://registry.npmjs.org/object-assign/-/object-assign-4.1.1.tgz. Extracting by manifest.
243 silly tarball no local data for normalize-path@https://registry.npmjs.org/normalize-path/-/normalize-path-3.0.0.tgz. Extracting by manifest.
244 silly tarball no local data for node-releases@https://registry.npmjs.org/node-releases/-/node-releases-2.0.37.tgz. Extracting by manifest.
245 silly tarball no local data for natural-compare@https://registry.npmjs.org/natural-compare/-/natural-compare-1.4.0.tgz. Extracting by manifest.
246 silly tarball no local data for nanoid@https://registry.npmjs.org/nanoid/-/nanoid-3.3.11.tgz. Extracting by manifest.
247 silly tarball no local data for mz@https://registry.npmjs.org/mz/-/mz-2.7.0.tgz. Extracting by manifest.
248 silly tarball no local data for ms@https://registry.npmjs.org/ms/-/ms-2.1.3.tgz. Extracting by manifest.
249 silly tarball no local data for minimatch@https://registry.npmjs.org/minimatch/-/minimatch-3.1.5.tgz. Extracting by manifest.
250 silly tarball no local data for mime-db@https://registry.npmjs.org/mime-db/-/mime-db-1.52.0.tgz. Extracting by manifest.
251 silly tarball no local data for mime-types@https://registry.npmjs.org/mime-types/-/mime-types-2.1.35.tgz. Extracting by manifest.
252 silly tarball no local data for micromatch@https://registry.npmjs.org/micromatch/-/micromatch-4.0.8.tgz. Extracting by manifest.
253 silly tarball no local data for merge2@https://registry.npmjs.org/merge2/-/merge2-1.4.1.tgz. Extracting by manifest.
254 silly tarball no local data for math-intrinsics@https://registry.npmjs.org/math-intrinsics/-/math-intrinsics-1.1.0.tgz. Extracting by manifest.
255 silly tarball no local data for lru-cache@https://registry.npmjs.org/lru-cache/-/lru-cache-5.1.1.tgz. Extracting by manifest.
256 silly tarball no local data for lucide-react@https://registry.npmjs.org/lucide-react/-/lucide-react-1.8.0.tgz. Extracting by manifest.
257 silly tarball no local data for lodash.merge@https://registry.npmjs.org/lodash.merge/-/lodash.merge-4.6.2.tgz. Extracting by manifest.
258 silly tarball no local data for loose-envify@https://registry.npmjs.org/loose-envify/-/loose-envify-1.4.0.tgz. Extracting by manifest.
259 silly tarball no local data for locate-path@https://registry.npmjs.org/locate-path/-/locate-path-6.0.0.tgz. Extracting by manifest.
260 silly tarball no local data for lines-and-columns@https://registry.npmjs.org/lines-and-columns/-/lines-and-columns-1.2.4.tgz. Extracting by manifest.
261 silly tarball no local data for lilconfig@https://registry.npmjs.org/lilconfig/-/lilconfig-3.1.3.tgz. Extracting by manifest.
262 silly tarball no local data for levn@https://registry.npmjs.org/levn/-/levn-0.4.1.tgz. Extracting by manifest.
263 silly tarball no local data for keyv@https://registry.npmjs.org/keyv/-/keyv-4.5.4.tgz. Extracting by manifest.
264 silly tarball no local data for json5@https://registry.npmjs.org/json5/-/json5-2.2.3.tgz. Extracting by manifest.
265 silly tarball no local data for json-stable-stringify-without-jsonify@https://registry.npmjs.org/json-stable-stringify-without-jsonify/-/json-stable-stringify-without-jsonify-1.0.1.tgz. Extracting by manifest.
266 silly tarball no local data for json-buffer@https://registry.npmjs.org/json-buffer/-/json-buffer-3.0.1.tgz. Extracting by manifest.
267 silly tarball no local data for json-schema-traverse@https://registry.npmjs.org/json-schema-traverse/-/json-schema-traverse-0.4.1.tgz. Extracting by manifest.
268 silly tarball no local data for jsesc@https://registry.npmjs.org/jsesc/-/jsesc-3.1.0.tgz. Extracting by manifest.
269 silly tarball no local data for js-tokens@https://registry.npmjs.org/js-tokens/-/js-tokens-4.0.0.tgz. Extracting by manifest.
270 silly tarball no local data for js-yaml@https://registry.npmjs.org/js-yaml/-/js-yaml-4.1.1.tgz. Extracting by manifest.
271 silly tarball no local data for jiti@https://registry.npmjs.org/jiti/-/jiti-1.21.7.tgz. Extracting by manifest.
272 silly tarball no local data for isexe@https://registry.npmjs.org/isexe/-/isexe-2.0.0.tgz. Extracting by manifest.
273 silly tarball no local data for is-number@https://registry.npmjs.org/is-number/-/is-number-7.0.0.tgz. Extracting by manifest.
274 silly tarball no local data for is-glob@https://registry.npmjs.org/is-glob/-/is-glob-4.0.3.tgz. Extracting by manifest.
275 silly tarball no local data for is-extglob@https://registry.npmjs.org/is-extglob/-/is-extglob-2.1.1.tgz. Extracting by manifest.
276 silly tarball no local data for is-core-module@https://registry.npmjs.org/is-core-module/-/is-core-module-2.16.1.tgz. Extracting by manifest.
277 silly tarball no local data for is-binary-path@https://registry.npmjs.org/is-binary-path/-/is-binary-path-2.1.0.tgz. Extracting by manifest.
278 silly tarball no local data for internmap@https://registry.npmjs.org/internmap/-/internmap-2.0.3.tgz. Extracting by manifest.
279 silly tarball no local data for imurmurhash@https://registry.npmjs.org/imurmurhash/-/imurmurhash-0.1.4.tgz. Extracting by manifest.
280 silly tarball no local data for immer@https://registry.npmjs.org/immer/-/immer-10.2.0.tgz. Extracting by manifest.
281 silly tarball no local data for hasown@https://registry.npmjs.org/hasown/-/hasown-2.0.2.tgz. Extracting by manifest.
282 silly tarball no local data for ignore@https://registry.npmjs.org/ignore/-/ignore-5.3.2.tgz. Extracting by manifest.
283 silly tarball no local data for import-fresh@https://registry.npmjs.org/import-fresh/-/import-fresh-3.3.1.tgz. Extracting by manifest.
284 silly tarball no local data for has-tostringtag@https://registry.npmjs.org/has-tostringtag/-/has-tostringtag-1.0.2.tgz. Extracting by manifest.
285 silly tarball no local data for has-symbols@https://registry.npmjs.org/has-symbols/-/has-symbols-1.1.0.tgz. Extracting by manifest.
286 silly tarball no local data for has-flag@https://registry.npmjs.org/has-flag/-/has-flag-4.0.0.tgz. Extracting by manifest.
287 silly tarball no local data for gopd@https://registry.npmjs.org/gopd/-/gopd-1.2.0.tgz. Extracting by manifest.
288 silly tarball no local data for globals@https://registry.npmjs.org/globals/-/globals-15.15.0.tgz. Extracting by manifest.
289 silly tarball no local data for glob-parent@https://registry.npmjs.org/glob-parent/-/glob-parent-6.0.2.tgz. Extracting by manifest.
290 silly tarball no local data for get-proto@https://registry.npmjs.org/get-proto/-/get-proto-1.0.1.tgz. Extracting by manifest.
291 silly tarball no local data for get-nonce@https://registry.npmjs.org/get-nonce/-/get-nonce-1.0.1.tgz. Extracting by manifest.
292 silly tarball no local data for get-intrinsic@https://registry.npmjs.org/get-intrinsic/-/get-intrinsic-1.3.0.tgz. Extracting by manifest.
293 silly tarball no local data for gensync@https://registry.npmjs.org/gensync/-/gensync-1.0.0-beta.2.tgz. Extracting by manifest.
294 silly tarball no local data for function-bind@https://registry.npmjs.org/function-bind/-/function-bind-1.1.2.tgz. Extracting by manifest.
295 silly tarball no local data for form-data@https://registry.npmjs.org/form-data/-/form-data-4.0.5.tgz. Extracting by manifest.
296 silly tarball no local data for fraction.js@https://registry.npmjs.org/fraction.js/-/fraction.js-5.3.4.tgz. Extracting by manifest.
297 silly tarball no local data for follow-redirects@https://registry.npmjs.org/follow-redirects/-/follow-redirects-1.15.11.tgz. Extracting by manifest.
298 silly tarball no local data for flatted@https://registry.npmjs.org/flatted/-/flatted-3.4.2.tgz. Extracting by manifest.
299 silly tarball no local data for flat-cache@https://registry.npmjs.org/flat-cache/-/flat-cache-4.0.1.tgz. Extracting by manifest.
300 silly tarball no local data for find-up@https://registry.npmjs.org/find-up/-/find-up-5.0.0.tgz. Extracting by manifest.
301 silly tarball no local data for fill-range@https://registry.npmjs.org/fill-range/-/fill-range-7.1.1.tgz. Extracting by manifest.
302 silly tarball no local data for file-entry-cache@https://registry.npmjs.org/file-entry-cache/-/file-entry-cache-8.0.0.tgz. Extracting by manifest.
303 silly tarball no local data for fdir@https://registry.npmjs.org/fdir/-/fdir-6.5.0.tgz. Extracting by manifest.
304 silly tarball no local data for fastq@https://registry.npmjs.org/fastq/-/fastq-1.20.1.tgz. Extracting by manifest.
305 silly tarball no local data for fast-levenshtein@https://registry.npmjs.org/fast-levenshtein/-/fast-levenshtein-2.0.6.tgz. Extracting by manifest.
306 silly tarball no local data for fast-json-stable-stringify@https://registry.npmjs.org/fast-json-stable-stringify/-/fast-json-stable-stringify-2.1.0.tgz. Extracting by manifest.
307 silly tarball no local data for fast-glob@https://registry.npmjs.org/fast-glob/-/fast-glob-3.3.3.tgz. Extracting by manifest.
308 silly tarball no local data for eventemitter3@https://registry.npmjs.org/eventemitter3/-/eventemitter3-5.0.4.tgz. Extracting by manifest.
309 silly tarball no local data for fast-deep-equal@https://registry.npmjs.org/fast-deep-equal/-/fast-deep-equal-3.1.3.tgz. Extracting by manifest.
310 silly tarball no local data for estraverse@https://registry.npmjs.org/estraverse/-/estraverse-5.3.0.tgz. Extracting by manifest.
311 silly tarball no local data for esutils@https://registry.npmjs.org/esutils/-/esutils-2.0.3.tgz. Extracting by manifest.
312 silly tarball no local data for esrecurse@https://registry.npmjs.org/esrecurse/-/esrecurse-4.3.0.tgz. Extracting by manifest.
313 silly tarball no local data for esquery@https://registry.npmjs.org/esquery/-/esquery-1.7.0.tgz. Extracting by manifest.
314 silly tarball no local data for espree@https://registry.npmjs.org/espree/-/espree-10.4.0.tgz. Extracting by manifest.
315 silly tarball no local data for eslint-visitor-keys@https://registry.npmjs.org/eslint-visitor-keys/-/eslint-visitor-keys-4.2.1.tgz. Extracting by manifest.
316 silly tarball no local data for eslint-scope@https://registry.npmjs.org/eslint-scope/-/eslint-scope-8.4.0.tgz. Extracting by manifest.
317 silly tarball no local data for eslint-plugin-react-refresh@https://registry.npmjs.org/eslint-plugin-react-refresh/-/eslint-plugin-react-refresh-0.4.26.tgz. Extracting by manifest.
318 silly tarball no local data for eslint-plugin-react-hooks@https://registry.npmjs.org/eslint-plugin-react-hooks/-/eslint-plugin-react-hooks-5.2.0.tgz. Extracting by manifest.
319 silly tarball no local data for eslint@https://registry.npmjs.org/eslint/-/eslint-9.39.4.tgz. Extracting by manifest.
320 silly tarball no local data for escape-string-regexp@https://registry.npmjs.org/escape-string-regexp/-/escape-string-regexp-4.0.0.tgz. Extracting by manifest.
321 silly tarball no local data for escalade@https://registry.npmjs.org/escalade/-/escalade-3.2.0.tgz. Extracting by manifest.
322 silly tarball no local data for esbuild@https://registry.npmjs.org/esbuild/-/esbuild-0.21.5.tgz. Extracting by manifest.
323 silly tarball no local data for es-toolkit@https://registry.npmjs.org/es-toolkit/-/es-toolkit-1.45.1.tgz. Extracting by manifest.
324 silly tarball no local data for es-set-tostringtag@https://registry.npmjs.org/es-set-tostringtag/-/es-set-tostringtag-2.1.0.tgz. Extracting by manifest.
325 silly tarball no local data for es-errors@https://registry.npmjs.org/es-errors/-/es-errors-1.3.0.tgz. Extracting by manifest.
326 silly tarball no local data for es-define-property@https://registry.npmjs.org/es-define-property/-/es-define-property-1.0.1.tgz. Extracting by manifest.
327 silly tarball no local data for es-object-atoms@https://registry.npmjs.org/es-object-atoms/-/es-object-atoms-1.1.1.tgz. Extracting by manifest.
328 silly tarball no local data for engine.io-parser@https://registry.npmjs.org/engine.io-parser/-/engine.io-parser-5.2.3.tgz. Extracting by manifest.
329 silly tarball no local data for engine.io-client@https://registry.npmjs.org/engine.io-client/-/engine.io-client-6.6.4.tgz. Extracting by manifest.
330 silly tarball no local data for embla-carousel-reactive-utils@https://registry.npmjs.org/embla-carousel-reactive-utils/-/embla-carousel-reactive-utils-8.6.0.tgz. Extracting by manifest.
331 silly tarball no local data for embla-carousel-react@https://registry.npmjs.org/embla-carousel-react/-/embla-carousel-react-8.6.0.tgz. Extracting by manifest.
332 silly tarball no local data for embla-carousel@https://registry.npmjs.org/embla-carousel/-/embla-carousel-8.6.0.tgz. Extracting by manifest.
333 silly tarball no local data for electron-to-chromium@https://registry.npmjs.org/electron-to-chromium/-/electron-to-chromium-1.5.334.tgz. Extracting by manifest.
334 silly tarball no local data for dunder-proto@https://registry.npmjs.org/dunder-proto/-/dunder-proto-1.0.1.tgz. Extracting by manifest.
335 silly tarball no local data for dlv@https://registry.npmjs.org/dlv/-/dlv-1.1.3.tgz. Extracting by manifest.
336 silly tarball no local data for didyoumean@https://registry.npmjs.org/didyoumean/-/didyoumean-1.2.2.tgz. Extracting by manifest.
337 silly tarball no local data for detect-node-es@https://registry.npmjs.org/detect-node-es/-/detect-node-es-1.1.0.tgz. Extracting by manifest.
338 silly tarball no local data for detect-libc@https://registry.npmjs.org/detect-libc/-/detect-libc-2.1.2.tgz. Extracting by manifest.
339 silly tarball no local data for delayed-stream@https://registry.npmjs.org/delayed-stream/-/delayed-stream-1.0.0.tgz. Extracting by manifest.
340 silly tarball no local data for deep-is@https://registry.npmjs.org/deep-is/-/deep-is-0.1.4.tgz. Extracting by manifest.
341 silly tarball no local data for decimal.js-light@https://registry.npmjs.org/decimal.js-light/-/decimal.js-light-2.5.1.tgz. Extracting by manifest.
342 silly tarball no local data for debug@https://registry.npmjs.org/debug/-/debug-4.4.3.tgz. Extracting by manifest.
343 silly tarball no local data for date-fns-jalali@https://registry.npmjs.org/date-fns-jalali/-/date-fns-jalali-4.1.0-0.tgz. Extracting by manifest.
344 silly tarball no local data for date-fns@https://registry.npmjs.org/date-fns/-/date-fns-4.1.0.tgz. Extracting by manifest.
345 silly tarball no local data for d3-timer@https://registry.npmjs.org/d3-timer/-/d3-timer-3.0.1.tgz. Extracting by manifest.
346 silly tarball no local data for d3-time@https://registry.npmjs.org/d3-time/-/d3-time-3.1.0.tgz. Extracting by manifest.
347 silly tarball no local data for d3-time-format@https://registry.npmjs.org/d3-time-format/-/d3-time-format-4.1.0.tgz. Extracting by manifest.
348 silly tarball no local data for d3-shape@https://registry.npmjs.org/d3-shape/-/d3-shape-3.2.0.tgz. Extracting by manifest.
349 silly tarball no local data for d3-path@https://registry.npmjs.org/d3-path/-/d3-path-3.1.0.tgz. Extracting by manifest.
350 silly tarball no local data for d3-scale@https://registry.npmjs.org/d3-scale/-/d3-scale-4.0.2.tgz. Extracting by manifest.
351 silly tarball no local data for d3-interpolate@https://registry.npmjs.org/d3-interpolate/-/d3-interpolate-3.0.1.tgz. Extracting by manifest.
352 silly tarball no local data for d3-format@https://registry.npmjs.org/d3-format/-/d3-format-3.1.2.tgz. Extracting by manifest.
353 silly tarball no local data for d3-ease@https://registry.npmjs.org/d3-ease/-/d3-ease-3.0.1.tgz. Extracting by manifest.
354 silly tarball no local data for d3-color@https://registry.npmjs.org/d3-color/-/d3-color-3.1.0.tgz. Extracting by manifest.
355 silly tarball no local data for d3-array@https://registry.npmjs.org/d3-array/-/d3-array-3.2.4.tgz. Extracting by manifest.
356 silly tarball no local data for csstype@https://registry.npmjs.org/csstype/-/csstype-3.2.3.tgz. Extracting by manifest.
357 silly tarball no local data for cssesc@https://registry.npmjs.org/cssesc/-/cssesc-3.0.0.tgz. Extracting by manifest.
358 silly tarball no local data for cross-spawn@https://registry.npmjs.org/cross-spawn/-/cross-spawn-7.0.6.tgz. Extracting by manifest.
359 silly tarball no local data for cookie@https://registry.npmjs.org/cookie/-/cookie-1.1.1.tgz. Extracting by manifest.
360 silly tarball no local data for convert-source-map@https://registry.npmjs.org/convert-source-map/-/convert-source-map-2.0.0.tgz. Extracting by manifest.
361 silly tarball no local data for concat-map@https://registry.npmjs.org/concat-map/-/concat-map-0.0.1.tgz. Extracting by manifest.
362 silly tarball no local data for commander@https://registry.npmjs.org/commander/-/commander-4.1.1.tgz. Extracting by manifest.
363 silly tarball no local data for combined-stream@https://registry.npmjs.org/combined-stream/-/combined-stream-1.0.8.tgz. Extracting by manifest.
364 silly tarball no local data for color-name@https://registry.npmjs.org/color-name/-/color-name-1.1.4.tgz. Extracting by manifest.
365 silly tarball no local data for color-convert@https://registry.npmjs.org/color-convert/-/color-convert-2.0.1.tgz. Extracting by manifest.
366 silly tarball no local data for clsx@https://registry.npmjs.org/clsx/-/clsx-2.1.1.tgz. Extracting by manifest.
367 silly tarball no local data for chokidar@https://registry.npmjs.org/chokidar/-/chokidar-3.6.0.tgz. Extracting by manifest.
368 silly tarball no local data for class-variance-authority@https://registry.npmjs.org/class-variance-authority/-/class-variance-authority-0.7.1.tgz. Extracting by manifest.
369 silly tarball no local data for chalk@https://registry.npmjs.org/chalk/-/chalk-4.1.2.tgz. Extracting by manifest.
370 silly tarball no local data for caniuse-lite@https://registry.npmjs.org/caniuse-lite/-/caniuse-lite-1.0.30001787.tgz. Extracting by manifest.
371 silly tarball no local data for camelcase-css@https://registry.npmjs.org/camelcase-css/-/camelcase-css-2.0.1.tgz. Extracting by manifest.
372 silly tarball no local data for callsites@https://registry.npmjs.org/callsites/-/callsites-3.1.0.tgz. Extracting by manifest.
373 silly tarball no local data for call-bind-apply-helpers@https://registry.npmjs.org/call-bind-apply-helpers/-/call-bind-apply-helpers-1.0.2.tgz. Extracting by manifest.
374 silly tarball no local data for browserslist@https://registry.npmjs.org/browserslist/-/browserslist-4.28.2.tgz. Extracting by manifest.
375 silly tarball no local data for braces@https://registry.npmjs.org/braces/-/braces-3.0.3.tgz. Extracting by manifest.
376 silly tarball no local data for binary-extensions@https://registry.npmjs.org/binary-extensions/-/binary-extensions-2.3.0.tgz. Extracting by manifest.
377 silly tarball no local data for brace-expansion@https://registry.npmjs.org/brace-expansion/-/brace-expansion-1.1.13.tgz. Extracting by manifest.
378 silly tarball no local data for baseline-browser-mapping@https://registry.npmjs.org/baseline-browser-mapping/-/baseline-browser-mapping-2.10.17.tgz. Extracting by manifest.
379 silly tarball no local data for balanced-match@https://registry.npmjs.org/balanced-match/-/balanced-match-1.0.2.tgz. Extracting by manifest.
380 silly tarball no local data for axios@https://registry.npmjs.org/axios/-/axios-1.15.0.tgz. Extracting by manifest.
381 silly tarball no local data for autoprefixer@https://registry.npmjs.org/autoprefixer/-/autoprefixer-10.4.27.tgz. Extracting by manifest.
382 silly tarball no local data for asynckit@https://registry.npmjs.org/asynckit/-/asynckit-0.4.0.tgz. Extracting by manifest.
383 silly tarball no local data for aria-hidden@https://registry.npmjs.org/aria-hidden/-/aria-hidden-1.2.6.tgz. Extracting by manifest.
384 silly tarball no local data for argparse@https://registry.npmjs.org/argparse/-/argparse-2.0.1.tgz. Extracting by manifest.
385 silly tarball no local data for anymatch@https://registry.npmjs.org/anymatch/-/anymatch-3.1.3.tgz. Extracting by manifest.
386 silly tarball no local data for arg@https://registry.npmjs.org/arg/-/arg-5.0.2.tgz. Extracting by manifest.
387 silly tarball no local data for any-promise@https://registry.npmjs.org/any-promise/-/any-promise-1.3.0.tgz. Extracting by manifest.
388 silly tarball no local data for ansi-styles@https://registry.npmjs.org/ansi-styles/-/ansi-styles-4.3.0.tgz. Extracting by manifest.
389 silly tarball no local data for ajv@https://registry.npmjs.org/ajv/-/ajv-6.14.0.tgz. Extracting by manifest.
390 silly tarball no local data for acorn-jsx@https://registry.npmjs.org/acorn-jsx/-/acorn-jsx-5.3.2.tgz. Extracting by manifest.
391 silly tarball no local data for acorn@https://registry.npmjs.org/acorn/-/acorn-8.16.0.tgz. Extracting by manifest.
392 silly tarball no local data for @vitejs/plugin-react@https://registry.npmjs.org/@vitejs/plugin-react/-/plugin-react-4.7.0.tgz. Extracting by manifest.
393 silly tarball no local data for @typescript-eslint/visitor-keys@https://registry.npmjs.org/@typescript-eslint/visitor-keys/-/visitor-keys-8.58.1.tgz. Extracting by manifest.
394 silly tarball no local data for @typescript-eslint/utils@https://registry.npmjs.org/@typescript-eslint/utils/-/utils-8.58.1.tgz. Extracting by manifest.
395 silly tarball no local data for @typescript-eslint/typescript-estree@https://registry.npmjs.org/@typescript-eslint/typescript-estree/-/typescript-estree-8.58.1.tgz. Extracting by manifest.
396 silly tarball no local data for @typescript-eslint/types@https://registry.npmjs.org/@typescript-eslint/types/-/types-8.58.1.tgz. Extracting by manifest.
397 silly tarball no local data for @typescript-eslint/type-utils@https://registry.npmjs.org/@typescript-eslint/type-utils/-/type-utils-8.58.1.tgz. Extracting by manifest.
398 silly tarball no local data for @typescript-eslint/tsconfig-utils@https://registry.npmjs.org/@typescript-eslint/tsconfig-utils/-/tsconfig-utils-8.58.1.tgz. Extracting by manifest.
399 silly tarball no local data for @typescript-eslint/scope-manager@https://registry.npmjs.org/@typescript-eslint/scope-manager/-/scope-manager-8.58.1.tgz. Extracting by manifest.
400 silly tarball no local data for @typescript-eslint/project-service@https://registry.npmjs.org/@typescript-eslint/project-service/-/project-service-8.58.1.tgz. Extracting by manifest.
401 silly tarball no local data for @typescript-eslint/parser@https://registry.npmjs.org/@typescript-eslint/parser/-/parser-8.58.1.tgz. Extracting by manifest.
402 silly tarball no local data for @typescript-eslint/eslint-plugin@https://registry.npmjs.org/@typescript-eslint/eslint-plugin/-/eslint-plugin-8.58.1.tgz. Extracting by manifest.
403 silly tarball no local data for @types/use-sync-external-store@https://registry.npmjs.org/@types/use-sync-external-store/-/use-sync-external-store-0.0.6.tgz. Extracting by manifest.
404 silly tarball no local data for @types/react-dom@https://registry.npmjs.org/@types/react-dom/-/react-dom-18.3.7.tgz. Extracting by manifest.
405 silly tarball no local data for @types/react@https://registry.npmjs.org/@types/react/-/react-18.3.28.tgz. Extracting by manifest.
406 silly tarball no local data for @types/prop-types@https://registry.npmjs.org/@types/prop-types/-/prop-types-15.7.15.tgz. Extracting by manifest.
407 silly tarball no local data for @types/node@https://registry.npmjs.org/@types/node/-/node-25.5.2.tgz. Extracting by manifest.
408 silly tarball no local data for @types/json-schema@https://registry.npmjs.org/@types/json-schema/-/json-schema-7.0.15.tgz. Extracting by manifest.
409 silly tarball no local data for @types/d3-timer@https://registry.npmjs.org/@types/d3-timer/-/d3-timer-3.0.2.tgz. Extracting by manifest.
410 silly tarball no local data for @types/estree@https://registry.npmjs.org/@types/estree/-/estree-1.0.8.tgz. Extracting by manifest.
411 silly tarball no local data for @types/d3-time@https://registry.npmjs.org/@types/d3-time/-/d3-time-3.0.4.tgz. Extracting by manifest.
412 silly tarball no local data for @types/d3-shape@https://registry.npmjs.org/@types/d3-shape/-/d3-shape-3.1.8.tgz. Extracting by manifest.
413 silly tarball no local data for @types/d3-scale@https://registry.npmjs.org/@types/d3-scale/-/d3-scale-4.0.9.tgz. Extracting by manifest.
414 silly tarball no local data for @types/d3-path@https://registry.npmjs.org/@types/d3-path/-/d3-path-3.1.1.tgz. Extracting by manifest.
415 silly tarball no local data for @types/d3-interpolate@https://registry.npmjs.org/@types/d3-interpolate/-/d3-interpolate-3.0.4.tgz. Extracting by manifest.
416 silly tarball no local data for @types/d3-ease@https://registry.npmjs.org/@types/d3-ease/-/d3-ease-3.0.2.tgz. Extracting by manifest.
417 silly tarball no local data for @types/d3-color@https://registry.npmjs.org/@types/d3-color/-/d3-color-3.1.3.tgz. Extracting by manifest.
418 silly tarball no local data for @types/d3-array@https://registry.npmjs.org/@types/d3-array/-/d3-array-3.2.2.tgz. Extracting by manifest.
419 silly tarball no local data for @types/babel__traverse@https://registry.npmjs.org/@types/babel__traverse/-/babel__traverse-7.28.0.tgz. Extracting by manifest.
420 silly tarball no local data for @types/babel__template@https://registry.npmjs.org/@types/babel__template/-/babel__template-7.4.4.tgz. Extracting by manifest.
421 silly tarball no local data for @types/babel__generator@https://registry.npmjs.org/@types/babel__generator/-/babel__generator-7.27.0.tgz. Extracting by manifest.
422 silly tarball no local data for @types/babel__core@https://registry.npmjs.org/@types/babel__core/-/babel__core-7.20.5.tgz. Extracting by manifest.
423 silly tarball no local data for @tanstack/table-core@https://registry.npmjs.org/@tanstack/table-core/-/table-core-8.21.3.tgz. Extracting by manifest.
424 silly tarball no local data for @tanstack/react-table@https://registry.npmjs.org/@tanstack/react-table/-/react-table-8.21.3.tgz. Extracting by manifest.
425 silly tarball no local data for @tabby_ai/hijri-converter@https://registry.npmjs.org/@tabby_ai/hijri-converter/-/hijri-converter-1.0.5.tgz. Extracting by manifest.
426 silly tarball no local data for @standard-schema/utils@https://registry.npmjs.org/@standard-schema/utils/-/utils-0.3.0.tgz. Extracting by manifest.
427 silly tarball no local data for @standard-schema/spec@https://registry.npmjs.org/@standard-schema/spec/-/spec-1.1.0.tgz. Extracting by manifest.
428 silly tarball no local data for @socket.io/component-emitter@https://registry.npmjs.org/@socket.io/component-emitter/-/component-emitter-3.1.2.tgz. Extracting by manifest.
429 silly tarball no local data for @rollup/rollup-linux-x64-musl@https://registry.npmjs.org/@rollup/rollup-linux-x64-musl/-/rollup-linux-x64-musl-4.60.1.tgz. Extracting by manifest.
430 silly tarball no local data for @rollup/rollup-linux-x64-gnu@https://registry.npmjs.org/@rollup/rollup-linux-x64-gnu/-/rollup-linux-x64-gnu-4.60.1.tgz. Extracting by manifest.
431 silly tarball no local data for @rolldown/pluginutils@https://registry.npmjs.org/@rolldown/pluginutils/-/pluginutils-1.0.0-beta.27.tgz. Extracting by manifest.
432 silly tarball no local data for @radix-ui/rect@https://registry.npmjs.org/@radix-ui/rect/-/rect-1.1.1.tgz. Extracting by manifest.
433 silly tarball no local data for @reduxjs/toolkit@https://registry.npmjs.org/@reduxjs/toolkit/-/toolkit-2.11.2.tgz. Extracting by manifest.
434 silly tarball no local data for @radix-ui/react-visually-hidden@https://registry.npmjs.org/@radix-ui/react-visually-hidden/-/react-visually-hidden-1.2.3.tgz. Extracting by manifest.
435 silly tarball no local data for @radix-ui/react-use-size@https://registry.npmjs.org/@radix-ui/react-use-size/-/react-use-size-1.1.1.tgz. Extracting by manifest.
436 silly tarball no local data for @radix-ui/react-use-rect@https://registry.npmjs.org/@radix-ui/react-use-rect/-/react-use-rect-1.1.1.tgz. Extracting by manifest.
437 silly tarball no local data for @radix-ui/react-use-previous@https://registry.npmjs.org/@radix-ui/react-use-previous/-/react-use-previous-1.1.1.tgz. Extracting by manifest.
438 silly tarball no local data for @radix-ui/react-use-layout-effect@https://registry.npmjs.org/@radix-ui/react-use-layout-effect/-/react-use-layout-effect-1.1.1.tgz. Extracting by manifest.
439 silly tarball no local data for @radix-ui/react-use-is-hydrated@https://registry.npmjs.org/@radix-ui/react-use-is-hydrated/-/react-use-is-hydrated-0.1.0.tgz. Extracting by manifest.
440 silly tarball no local data for @radix-ui/react-use-escape-keydown@https://registry.npmjs.org/@radix-ui/react-use-escape-keydown/-/react-use-escape-keydown-1.1.1.tgz. Extracting by manifest.
441 silly tarball no local data for @radix-ui/react-use-effect-event@https://registry.npmjs.org/@radix-ui/react-use-effect-event/-/react-use-effect-event-0.0.2.tgz. Extracting by manifest.
442 silly tarball no local data for @radix-ui/react-use-controllable-state@https://registry.npmjs.org/@radix-ui/react-use-controllable-state/-/react-use-controllable-state-1.2.2.tgz. Extracting by manifest.
443 silly tarball no local data for @radix-ui/react-use-callback-ref@https://registry.npmjs.org/@radix-ui/react-use-callback-ref/-/react-use-callback-ref-1.1.1.tgz. Extracting by manifest.
444 silly tarball no local data for @radix-ui/react-toast@https://registry.npmjs.org/@radix-ui/react-toast/-/react-toast-1.2.15.tgz. Extracting by manifest.
445 silly tarball no local data for @radix-ui/react-tooltip@https://registry.npmjs.org/@radix-ui/react-tooltip/-/react-tooltip-1.2.8.tgz. Extracting by manifest.
446 silly tarball no local data for @radix-ui/react-tabs@https://registry.npmjs.org/@radix-ui/react-tabs/-/react-tabs-1.1.13.tgz. Extracting by manifest.
447 silly tarball no local data for @radix-ui/react-slot@https://registry.npmjs.org/@radix-ui/react-slot/-/react-slot-1.2.4.tgz. Extracting by manifest.
448 silly tarball no local data for @radix-ui/react-switch@https://registry.npmjs.org/@radix-ui/react-switch/-/react-switch-1.2.6.tgz. Extracting by manifest.
449 silly tarball no local data for @radix-ui/react-slider@https://registry.npmjs.org/@radix-ui/react-slider/-/react-slider-1.3.6.tgz. Extracting by manifest.
450 silly tarball no local data for @radix-ui/react-separator@https://registry.npmjs.org/@radix-ui/react-separator/-/react-separator-1.1.8.tgz. Extracting by manifest.
451 silly tarball no local data for @radix-ui/react-select@https://registry.npmjs.org/@radix-ui/react-select/-/react-select-2.2.6.tgz. Extracting by manifest.
452 silly tarball no local data for @radix-ui/react-scroll-area@https://registry.npmjs.org/@radix-ui/react-scroll-area/-/react-scroll-area-1.2.10.tgz. Extracting by manifest.
453 silly tarball no local data for @radix-ui/react-radio-group@https://registry.npmjs.org/@radix-ui/react-radio-group/-/react-radio-group-1.3.8.tgz. Extracting by manifest.
454 silly tarball no local data for @radix-ui/react-roving-focus@https://registry.npmjs.org/@radix-ui/react-roving-focus/-/react-roving-focus-1.1.11.tgz. Extracting by manifest.
455 silly tarball no local data for @radix-ui/react-progress@https://registry.npmjs.org/@radix-ui/react-progress/-/react-progress-1.1.8.tgz. Extracting by manifest.
456 silly tarball no local data for @radix-ui/react-primitive@https://registry.npmjs.org/@radix-ui/react-primitive/-/react-primitive-2.1.3.tgz. Extracting by manifest.
457 silly tarball no local data for @radix-ui/react-presence@https://registry.npmjs.org/@radix-ui/react-presence/-/react-presence-1.1.5.tgz. Extracting by manifest.
458 silly tarball no local data for @radix-ui/react-portal@https://registry.npmjs.org/@radix-ui/react-portal/-/react-portal-1.1.9.tgz. Extracting by manifest.
459 silly tarball no local data for @radix-ui/react-popper@https://registry.npmjs.org/@radix-ui/react-popper/-/react-popper-1.2.8.tgz. Extracting by manifest.
460 silly tarball no local data for @radix-ui/react-popover@https://registry.npmjs.org/@radix-ui/react-popover/-/react-popover-1.1.15.tgz. Extracting by manifest.
461 silly tarball no local data for @radix-ui/react-menubar@https://registry.npmjs.org/@radix-ui/react-menubar/-/react-menubar-1.1.16.tgz. Extracting by manifest.
462 silly tarball no local data for @radix-ui/react-menu@https://registry.npmjs.org/@radix-ui/react-menu/-/react-menu-2.1.16.tgz. Extracting by manifest.
463 silly tarball no local data for @radix-ui/react-label@https://registry.npmjs.org/@radix-ui/react-label/-/react-label-2.1.8.tgz. Extracting by manifest.
464 silly tarball no local data for @radix-ui/react-focus-scope@https://registry.npmjs.org/@radix-ui/react-focus-scope/-/react-focus-scope-1.1.7.tgz. Extracting by manifest.
465 silly tarball no local data for @radix-ui/react-id@https://registry.npmjs.org/@radix-ui/react-id/-/react-id-1.1.1.tgz. Extracting by manifest.
466 silly tarball no local data for @radix-ui/react-focus-guards@https://registry.npmjs.org/@radix-ui/react-focus-guards/-/react-focus-guards-1.1.3.tgz. Extracting by manifest.
467 silly tarball no local data for @radix-ui/react-dropdown-menu@https://registry.npmjs.org/@radix-ui/react-dropdown-menu/-/react-dropdown-menu-2.1.16.tgz. Extracting by manifest.
468 silly tarball no local data for @radix-ui/react-direction@https://registry.npmjs.org/@radix-ui/react-direction/-/react-direction-1.1.1.tgz. Extracting by manifest.
469 silly tarball no local data for @radix-ui/react-dismissable-layer@https://registry.npmjs.org/@radix-ui/react-dismissable-layer/-/react-dismissable-layer-1.1.11.tgz. Extracting by manifest.
470 silly tarball no local data for @radix-ui/react-dialog@https://registry.npmjs.org/@radix-ui/react-dialog/-/react-dialog-1.1.15.tgz. Extracting by manifest.
471 silly tarball no local data for @radix-ui/react-context@https://registry.npmjs.org/@radix-ui/react-context/-/react-context-1.1.2.tgz. Extracting by manifest.
472 silly tarball no local data for @radix-ui/react-compose-refs@https://registry.npmjs.org/@radix-ui/react-compose-refs/-/react-compose-refs-1.1.2.tgz. Extracting by manifest.
473 silly tarball no local data for @radix-ui/react-checkbox@https://registry.npmjs.org/@radix-ui/react-checkbox/-/react-checkbox-1.3.3.tgz. Extracting by manifest.
474 silly tarball no local data for @radix-ui/react-collection@https://registry.npmjs.org/@radix-ui/react-collection/-/react-collection-1.1.7.tgz. Extracting by manifest.
475 silly tarball no local data for @radix-ui/react-collapsible@https://registry.npmjs.org/@radix-ui/react-collapsible/-/react-collapsible-1.1.12.tgz. Extracting by manifest.
476 silly tarball no local data for @radix-ui/react-avatar@https://registry.npmjs.org/@radix-ui/react-avatar/-/react-avatar-1.1.11.tgz. Extracting by manifest.
477 silly tarball no local data for @radix-ui/react-arrow@https://registry.npmjs.org/@radix-ui/react-arrow/-/react-arrow-1.1.7.tgz. Extracting by manifest.
478 silly tarball no local data for @radix-ui/react-alert-dialog@https://registry.npmjs.org/@radix-ui/react-alert-dialog/-/react-alert-dialog-1.1.15.tgz. Extracting by manifest.
479 silly tarball no local data for @radix-ui/react-accordion@https://registry.npmjs.org/@radix-ui/react-accordion/-/react-accordion-1.2.12.tgz. Extracting by manifest.
480 silly tarball no local data for @radix-ui/number@https://registry.npmjs.org/@radix-ui/number/-/number-1.1.1.tgz. Extracting by manifest.
481 silly tarball no local data for @radix-ui/primitive@https://registry.npmjs.org/@radix-ui/primitive/-/primitive-1.1.3.tgz. Extracting by manifest.
482 silly tarball no local data for @nodelib/fs.walk@https://registry.npmjs.org/@nodelib/fs.walk/-/fs.walk-1.2.8.tgz. Extracting by manifest.
483 silly tarball no local data for @nodelib/fs.stat@https://registry.npmjs.org/@nodelib/fs.stat/-/fs.stat-2.0.5.tgz. Extracting by manifest.
484 silly tarball no local data for @nodelib/fs.scandir@https://registry.npmjs.org/@nodelib/fs.scandir/-/fs.scandir-2.1.5.tgz. Extracting by manifest.
485 silly tarball no local data for @jridgewell/trace-mapping@https://registry.npmjs.org/@jridgewell/trace-mapping/-/trace-mapping-0.3.31.tgz. Extracting by manifest.
486 silly tarball no local data for @jridgewell/resolve-uri@https://registry.npmjs.org/@jridgewell/resolve-uri/-/resolve-uri-3.1.2.tgz. Extracting by manifest.
487 silly tarball no local data for @jridgewell/sourcemap-codec@https://registry.npmjs.org/@jridgewell/sourcemap-codec/-/sourcemap-codec-1.5.5.tgz. Extracting by manifest.
488 silly tarball no local data for @jridgewell/remapping@https://registry.npmjs.org/@jridgewell/remapping/-/remapping-2.3.5.tgz. Extracting by manifest.
489 silly tarball no local data for @jridgewell/gen-mapping@https://registry.npmjs.org/@jridgewell/gen-mapping/-/gen-mapping-0.3.13.tgz. Extracting by manifest.
490 silly tarball no local data for @img/sharp-linuxmusl-x64@https://registry.npmjs.org/@img/sharp-linuxmusl-x64/-/sharp-linuxmusl-x64-0.34.5.tgz. Extracting by manifest.
491 silly tarball no local data for @img/sharp-linux-x64@https://registry.npmjs.org/@img/sharp-linux-x64/-/sharp-linux-x64-0.34.5.tgz. Extracting by manifest.
492 silly tarball no local data for @img/sharp-libvips-linuxmusl-x64@https://registry.npmjs.org/@img/sharp-libvips-linuxmusl-x64/-/sharp-libvips-linuxmusl-x64-1.2.4.tgz. Extracting by manifest.
493 silly tarball no local data for @img/sharp-libvips-linux-x64@https://registry.npmjs.org/@img/sharp-libvips-linux-x64/-/sharp-libvips-linux-x64-1.2.4.tgz. Extracting by manifest.
494 silly tarball no local data for @img/colour@https://registry.npmjs.org/@img/colour/-/colour-1.1.0.tgz. Extracting by manifest.
495 silly tarball no local data for @humanwhocodes/retry@https://registry.npmjs.org/@humanwhocodes/retry/-/retry-0.4.3.tgz. Extracting by manifest.
496 silly tarball no local data for @humanwhocodes/module-importer@https://registry.npmjs.org/@humanwhocodes/module-importer/-/module-importer-1.0.1.tgz. Extracting by manifest.
497 silly tarball no local data for @humanfs/core@https://registry.npmjs.org/@humanfs/core/-/core-0.19.1.tgz. Extracting by manifest.
498 silly tarball no local data for @humanfs/node@https://registry.npmjs.org/@humanfs/node/-/node-0.16.7.tgz. Extracting by manifest.
499 silly tarball no local data for @hookform/resolvers@https://registry.npmjs.org/@hookform/resolvers/-/resolvers-5.2.2.tgz. Extracting by manifest.
500 silly tarball no local data for @floating-ui/utils@https://registry.npmjs.org/@floating-ui/utils/-/utils-0.2.11.tgz. Extracting by manifest.
501 silly tarball no local data for @floating-ui/react-dom@https://registry.npmjs.org/@floating-ui/react-dom/-/react-dom-2.1.8.tgz. Extracting by manifest.
502 silly tarball no local data for @floating-ui/dom@https://registry.npmjs.org/@floating-ui/dom/-/dom-1.7.6.tgz. Extracting by manifest.
503 silly tarball no local data for @floating-ui/core@https://registry.npmjs.org/@floating-ui/core/-/core-1.7.5.tgz. Extracting by manifest.
504 silly tarball no local data for @eslint/plugin-kit@https://registry.npmjs.org/@eslint/plugin-kit/-/plugin-kit-0.4.1.tgz. Extracting by manifest.
505 silly tarball no local data for @eslint/object-schema@https://registry.npmjs.org/@eslint/object-schema/-/object-schema-2.1.7.tgz. Extracting by manifest.
506 silly tarball no local data for @eslint/js@https://registry.npmjs.org/@eslint/js/-/js-9.39.4.tgz. Extracting by manifest.
507 silly tarball no local data for @eslint/eslintrc@https://registry.npmjs.org/@eslint/eslintrc/-/eslintrc-3.3.5.tgz. Extracting by manifest.
508 silly tarball no local data for @eslint/core@https://registry.npmjs.org/@eslint/core/-/core-0.17.0.tgz. Extracting by manifest.
509 silly tarball no local data for @eslint/config-helpers@https://registry.npmjs.org/@eslint/config-helpers/-/config-helpers-0.4.2.tgz. Extracting by manifest.
510 silly tarball no local data for @eslint/config-array@https://registry.npmjs.org/@eslint/config-array/-/config-array-0.21.2.tgz. Extracting by manifest.
511 silly tarball no local data for @eslint-community/regexpp@https://registry.npmjs.org/@eslint-community/regexpp/-/regexpp-4.12.2.tgz. Extracting by manifest.
512 silly tarball no local data for @esbuild/linux-x64@https://registry.npmjs.org/@esbuild/linux-x64/-/linux-x64-0.21.5.tgz. Extracting by manifest.
513 silly tarball no local data for @eslint-community/eslint-utils@https://registry.npmjs.org/@eslint-community/eslint-utils/-/eslint-utils-4.9.1.tgz. Extracting by manifest.
514 silly tarball no local data for @emnapi/runtime@https://registry.npmjs.org/@emnapi/runtime/-/runtime-1.9.2.tgz. Extracting by manifest.
515 silly tarball no local data for @date-fns/tz@https://registry.npmjs.org/@date-fns/tz/-/tz-1.4.1.tgz. Extracting by manifest.
516 silly tarball no local data for @babel/types@https://registry.npmjs.org/@babel/types/-/types-7.29.0.tgz. Extracting by manifest.
517 silly tarball no local data for @babel/traverse@https://registry.npmjs.org/@babel/traverse/-/traverse-7.29.0.tgz. Extracting by manifest.
518 silly tarball no local data for @babel/plugin-transform-react-jsx-source@https://registry.npmjs.org/@babel/plugin-transform-react-jsx-source/-/plugin-transform-react-jsx-source-7.27.1.tgz. Extracting by manifest.
519 silly tarball no local data for @babel/template@https://registry.npmjs.org/@babel/template/-/template-7.28.6.tgz. Extracting by manifest.
520 silly tarball no local data for @babel/plugin-transform-react-jsx-self@https://registry.npmjs.org/@babel/plugin-transform-react-jsx-self/-/plugin-transform-react-jsx-self-7.27.1.tgz. Extracting by manifest.
521 silly tarball no local data for @babel/parser@https://registry.npmjs.org/@babel/parser/-/parser-7.29.2.tgz. Extracting by manifest.
522 silly tarball no local data for @babel/helpers@https://registry.npmjs.org/@babel/helpers/-/helpers-7.29.2.tgz. Extracting by manifest.
523 silly tarball no local data for @babel/helper-validator-identifier@https://registry.npmjs.org/@babel/helper-validator-identifier/-/helper-validator-identifier-7.28.5.tgz. Extracting by manifest.
524 silly tarball no local data for @babel/helper-validator-option@https://registry.npmjs.org/@babel/helper-validator-option/-/helper-validator-option-7.27.1.tgz. Extracting by manifest.
525 silly tarball no local data for @babel/helper-string-parser@https://registry.npmjs.org/@babel/helper-string-parser/-/helper-string-parser-7.27.1.tgz. Extracting by manifest.
526 silly tarball no local data for @babel/helper-plugin-utils@https://registry.npmjs.org/@babel/helper-plugin-utils/-/helper-plugin-utils-7.28.6.tgz. Extracting by manifest.
527 silly tarball no local data for @babel/helper-module-transforms@https://registry.npmjs.org/@babel/helper-module-transforms/-/helper-module-transforms-7.28.6.tgz. Extracting by manifest.
528 silly tarball no local data for @babel/helper-module-imports@https://registry.npmjs.org/@babel/helper-module-imports/-/helper-module-imports-7.28.6.tgz. Extracting by manifest.
529 silly tarball no local data for @babel/helper-globals@https://registry.npmjs.org/@babel/helper-globals/-/helper-globals-7.28.0.tgz. Extracting by manifest.
530 silly tarball no local data for @babel/generator@https://registry.npmjs.org/@babel/generator/-/generator-7.29.1.tgz. Extracting by manifest.
531 silly tarball no local data for @babel/helper-compilation-targets@https://registry.npmjs.org/@babel/helper-compilation-targets/-/helper-compilation-targets-7.28.6.tgz. Extracting by manifest.
532 silly tarball no local data for @babel/core@https://registry.npmjs.org/@babel/core/-/core-7.29.0.tgz. Extracting by manifest.
533 silly tarball no local data for @babel/compat-data@https://registry.npmjs.org/@babel/compat-data/-/compat-data-7.29.0.tgz. Extracting by manifest.
534 silly tarball no local data for @babel/code-frame@https://registry.npmjs.org/@babel/code-frame/-/code-frame-7.29.0.tgz. Extracting by manifest.
535 silly tarball no local data for @alloc/quick-lru@https://registry.npmjs.org/@alloc/quick-lru/-/quick-lru-5.2.0.tgz. Extracting by manifest.
536 silly tarball no local data for semver@https://registry.npmjs.org/semver/-/semver-7.7.4.tgz. Extracting by manifest.
537 silly tarball no local data for picomatch@https://registry.npmjs.org/picomatch/-/picomatch-2.3.2.tgz. Extracting by manifest.
538 silly tarball no local data for picomatch@https://registry.npmjs.org/picomatch/-/picomatch-2.3.2.tgz. Extracting by manifest.
539 silly tarball no local data for glob-parent@https://registry.npmjs.org/glob-parent/-/glob-parent-5.1.2.tgz. Extracting by manifest.
540 silly tarball no local data for glob-parent@https://registry.npmjs.org/glob-parent/-/glob-parent-5.1.2.tgz. Extracting by manifest.
541 silly tarball no local data for eslint-visitor-keys@https://registry.npmjs.org/eslint-visitor-keys/-/eslint-visitor-keys-5.0.1.tgz. Extracting by manifest.
542 silly tarball no local data for picomatch@https://registry.npmjs.org/picomatch/-/picomatch-2.3.2.tgz. Extracting by manifest.
543 silly tarball no local data for semver@https://registry.npmjs.org/semver/-/semver-7.7.4.tgz. Extracting by manifest.
544 silly tarball no local data for minimatch@https://registry.npmjs.org/minimatch/-/minimatch-10.2.5.tgz. Extracting by manifest.
545 silly tarball no local data for brace-expansion@https://registry.npmjs.org/brace-expansion/-/brace-expansion-5.0.5.tgz. Extracting by manifest.
546 silly tarball no local data for balanced-match@https://registry.npmjs.org/balanced-match/-/balanced-match-4.0.4.tgz. Extracting by manifest.
547 silly tarball no local data for ignore@https://registry.npmjs.org/ignore/-/ignore-7.0.5.tgz. Extracting by manifest.
548 silly tarball no local data for immer@https://registry.npmjs.org/immer/-/immer-11.1.4.tgz. Extracting by manifest.
549 silly tarball no local data for @radix-ui/react-slot@https://registry.npmjs.org/@radix-ui/react-slot/-/react-slot-1.2.3.tgz. Extracting by manifest.
550 silly tarball no local data for @radix-ui/react-primitive@https://registry.npmjs.org/@radix-ui/react-primitive/-/react-primitive-2.1.4.tgz. Extracting by manifest.
551 silly tarball no local data for @radix-ui/react-slot@https://registry.npmjs.org/@radix-ui/react-slot/-/react-slot-1.2.3.tgz. Extracting by manifest.
552 silly tarball no local data for @radix-ui/react-primitive@https://registry.npmjs.org/@radix-ui/react-primitive/-/react-primitive-2.1.4.tgz. Extracting by manifest.
553 silly tarball no local data for @radix-ui/react-context@https://registry.npmjs.org/@radix-ui/react-context/-/react-context-1.1.3.tgz. Extracting by manifest.
554 silly tarball no local data for @radix-ui/react-slot@https://registry.npmjs.org/@radix-ui/react-slot/-/react-slot-1.2.3.tgz. Extracting by manifest.
555 silly tarball no local data for @radix-ui/react-slot@https://registry.npmjs.org/@radix-ui/react-slot/-/react-slot-1.2.3.tgz. Extracting by manifest.
556 silly tarball no local data for @radix-ui/react-slot@https://registry.npmjs.org/@radix-ui/react-slot/-/react-slot-1.2.3.tgz. Extracting by manifest.
557 silly tarball no local data for @radix-ui/react-primitive@https://registry.npmjs.org/@radix-ui/react-primitive/-/react-primitive-2.1.4.tgz. Extracting by manifest.
558 silly tarball no local data for @radix-ui/react-slot@https://registry.npmjs.org/@radix-ui/react-slot/-/react-slot-1.2.3.tgz. Extracting by manifest.
559 silly tarball no local data for @radix-ui/react-slot@https://registry.npmjs.org/@radix-ui/react-slot/-/react-slot-1.2.3.tgz. Extracting by manifest.
560 silly tarball no local data for @radix-ui/react-primitive@https://registry.npmjs.org/@radix-ui/react-primitive/-/react-primitive-2.1.4.tgz. Extracting by manifest.
561 silly tarball no local data for @radix-ui/react-context@https://registry.npmjs.org/@radix-ui/react-context/-/react-context-1.1.3.tgz. Extracting by manifest.
562 silly tarball no local data for @radix-ui/react-slot@https://registry.npmjs.org/@radix-ui/react-slot/-/react-slot-1.2.3.tgz. Extracting by manifest.
563 silly tarball no local data for globals@https://registry.npmjs.org/globals/-/globals-14.0.0.tgz. Extracting by manifest.
564 silly tarball no local data for eslint-visitor-keys@https://registry.npmjs.org/eslint-visitor-keys/-/eslint-visitor-keys-3.4.3.tgz. Extracting by manifest.
565 http fetch POST 200 https://registry.npmjs.org/-/npm/v1/security/advisories/bulk 1341ms
566 silly audit report {
566 silly audit report   esbuild: [
566 silly audit report     {
566 silly audit report       id: 1102341,
566 silly audit report       url: 'https://github.com/advisories/GHSA-67mh-4wv8-2f99',
566 silly audit report       title: 'esbuild enables any website to send any requests to the development server and read the response',
566 silly audit report       severity: 'moderate',
566 silly audit report       vulnerable_versions: '<=0.24.2',
566 silly audit report       cwe: [Array],
566 silly audit report       cvss: [Object]
566 silly audit report     }
566 silly audit report   ],
566 silly audit report   'follow-redirects': [
566 silly audit report     {
566 silly audit report       id: 1116560,
566 silly audit report       url: 'https://github.com/advisories/GHSA-r4q5-vmmm-2653',
566 silly audit report       title: 'follow-redirects leaks Custom Authentication Headers to Cross-Domain Redirect Targets',
566 silly audit report       severity: 'moderate',
566 silly audit report       vulnerable_versions: '<=1.15.11',
566 silly audit report       cwe: [Array],
566 silly audit report       cvss: [Object]
566 silly audit report     }
566 silly audit report   ],
566 silly audit report   postcss: [
566 silly audit report     {
566 silly audit report       id: 1117015,
566 silly audit report       url: 'https://github.com/advisories/GHSA-qx2v-qp2m-jg93',
566 silly audit report       title: 'PostCSS has XSS via Unescaped </style> in its CSS Stringify Output',
566 silly audit report       severity: 'moderate',
566 silly audit report       vulnerable_versions: '<8.5.10',
566 silly audit report       cwe: [Array],
566 silly audit report       cvss: [Object]
566 silly audit report     }
566 silly audit report   ],
566 silly audit report   vite: [
566 silly audit report     {
566 silly audit report       id: 1116229,
566 silly audit report       url: 'https://github.com/advisories/GHSA-4w7w-66w2-5vf9',
566 silly audit report       title: 'Vite Vulnerable to Path Traversal in Optimized Deps `.map` Handling',
566 silly audit report       severity: 'moderate',
566 silly audit report       vulnerable_versions: '<=6.4.1',
566 silly audit report       cwe: [Array],
566 silly audit report       cvss: [Object]
566 silly audit report     }
566 silly audit report   ]
566 silly audit report }
567 silly packumentCache corgi:https://registry.npmjs.org/esbuild cache-miss
568 silly packumentCache corgi:https://registry.npmjs.org/follow-redirects cache-miss
569 silly packumentCache corgi:https://registry.npmjs.org/postcss cache-miss
570 silly packumentCache corgi:https://registry.npmjs.org/vite cache-miss
571 http fetch GET 200 https://registry.npmjs.org/util-deprecate/-/util-deprecate-1.0.2.tgz 2881ms (cache miss)
572 http fetch GET 200 https://registry.npmjs.org/ts-interface-checker/-/ts-interface-checker-0.1.13.tgz 2871ms (cache miss)
573 http fetch GET 200 https://registry.npmjs.org/tiny-invariant/-/tiny-invariant-1.3.3.tgz 2868ms (cache miss)
574 http fetch GET 200 https://registry.npmjs.org/socket.io-parser/-/socket.io-parser-4.2.6.tgz 2844ms (cache miss)
575 http fetch GET 200 https://registry.npmjs.org/yocto-queue/-/yocto-queue-0.1.0.tgz 2987ms (cache miss)
576 http fetch GET 200 https://registry.npmjs.org/word-wrap/-/word-wrap-1.2.5.tgz 2986ms (cache miss)
577 http fetch GET 200 https://registry.npmjs.org/yallist/-/yallist-3.1.1.tgz 2991ms (cache miss)
578 http fetch GET 200 https://registry.npmjs.org/thenify-all/-/thenify-all-1.6.0.tgz 2965ms (cache miss)
579 http fetch GET 200 https://registry.npmjs.org/run-parallel/-/run-parallel-1.2.0.tgz 2937ms (cache miss)
580 http fetch GET 200 https://registry.npmjs.org/set-cookie-parser/-/set-cookie-parser-2.7.2.tgz 2942ms (cache miss)
581 http fetch GET 200 https://registry.npmjs.org/readdirp/-/readdirp-3.6.0.tgz 2926ms (cache miss)
582 http fetch GET 200 https://registry.npmjs.org/tailwindcss-animate/-/tailwindcss-animate-1.0.7.tgz 3058ms (cache miss)
583 http fetch GET 200 https://registry.npmjs.org/thenify/-/thenify-3.3.1.tgz 3058ms (cache miss)
584 http fetch GET 200 https://registry.npmjs.org/supports-color/-/supports-color-7.2.0.tgz 3055ms (cache miss)
585 http fetch GET 200 https://registry.npmjs.org/strip-json-comments/-/strip-json-comments-3.1.1.tgz 3054ms (cache miss)
586 http fetch GET 200 https://registry.npmjs.org/shebang-command/-/shebang-command-2.0.0.tgz 3039ms (cache miss)
587 http fetch GET 200 https://registry.npmjs.org/shebang-regex/-/shebang-regex-3.0.0.tgz 3042ms (cache miss)
588 http fetch GET 200 https://registry.npmjs.org/read-cache/-/read-cache-1.0.0.tgz 3021ms (cache miss)
589 http fetch GET 200 https://registry.npmjs.org/postcss-js/-/postcss-js-4.1.0.tgz 2993ms (cache miss)
590 http fetch GET 200 https://registry.npmjs.org/react-router-dom/-/react-router-dom-7.14.0.tgz 3027ms (cache miss)
591 http fetch GET 200 https://registry.npmjs.org/postcss-load-config/-/postcss-load-config-6.0.1.tgz 2998ms (cache miss)
592 http fetch GET 200 https://registry.npmjs.org/update-browserslist-db/-/update-browserslist-db-1.2.3.tgz 3185ms (cache miss)
593 http fetch GET 200 https://registry.npmjs.org/which/-/which-2.0.2.tgz 3195ms (cache miss)
594 http fetch GET 200 https://registry.npmjs.org/tslib/-/tslib-2.8.1.tgz 3184ms (cache miss)
595 http fetch GET 200 https://registry.npmjs.org/supports-preserve-symlinks-flag/-/supports-preserve-symlinks-flag-1.0.0.tgz 3172ms (cache miss)
596 http fetch GET 200 https://registry.npmjs.org/react-is/-/react-is-19.2.5.tgz 3122ms (cache miss)
597 http fetch GET 200 https://registry.npmjs.org/react-remove-scroll-bar/-/react-remove-scroll-bar-2.3.8.tgz 3139ms (cache miss)
598 http fetch GET 200 https://registry.npmjs.org/react-refresh/-/react-refresh-0.17.0.tgz 3144ms (cache miss)
599 http fetch GET 200 https://registry.npmjs.org/path-exists/-/path-exists-4.0.0.tgz 3109ms (cache miss)
600 http fetch GET 200 https://registry.npmjs.org/resolve-from/-/resolve-from-4.0.0.tgz 3270ms (cache miss)
601 http fetch GET 200 https://registry.npmjs.org/postcss-value-parser/-/postcss-value-parser-4.2.0.tgz 3232ms (cache miss)
602 http fetch GET 200 https://registry.npmjs.org/postcss-nested/-/postcss-nested-6.2.0.tgz 3235ms (cache miss)
603 http fetch GET 200 https://registry.npmjs.org/punycode/-/punycode-2.3.1.tgz 3245ms (cache miss)
604 http fetch GET 200 https://registry.npmjs.org/normalize-path/-/normalize-path-3.0.0.tgz 3220ms (cache miss)
605 http fetch GET 200 https://registry.npmjs.org/mz/-/mz-2.7.0.tgz 3211ms (cache miss)
606 http fetch GET 200 https://registry.npmjs.org/path-key/-/path-key-3.1.1.tgz 3231ms (cache miss)
607 http fetch GET 200 https://registry.npmjs.org/p-limit/-/p-limit-3.1.0.tgz 3227ms (cache miss)
608 http fetch GET 200 https://registry.npmjs.org/json-schema-traverse/-/json-schema-traverse-0.4.1.tgz 3191ms (cache miss)
609 http fetch GET 200 https://registry.npmjs.org/lines-and-columns/-/lines-and-columns-1.2.4.tgz 3200ms (cache miss)
610 http fetch GET 200 https://registry.npmjs.org/xmlhttprequest-ssl/-/xmlhttprequest-ssl-2.1.2.tgz 3452ms (cache miss)
611 http fetch GET 200 https://registry.npmjs.org/tinyglobby/-/tinyglobby-0.2.16.tgz 3433ms (cache miss)
612 http fetch GET 200 https://registry.npmjs.org/queue-microtask/-/queue-microtask-1.2.3.tgz 3363ms (cache miss)
613 http fetch GET 200 https://registry.npmjs.org/path-parse/-/path-parse-1.0.7.tgz 3346ms (cache miss)
614 http fetch GET 200 https://registry.npmjs.org/picocolors/-/picocolors-1.1.1.tgz 3347ms (cache miss)
615 http fetch GET 200 https://registry.npmjs.org/parent-module/-/parent-module-1.0.1.tgz 3344ms (cache miss)
616 http fetch GET 200 https://registry.npmjs.org/pify/-/pify-2.3.0.tgz 3350ms (cache miss)
617 http fetch GET 200 https://registry.npmjs.org/object-hash/-/object-hash-3.0.0.tgz 3342ms (cache miss)
618 http fetch GET 200 https://registry.npmjs.org/merge2/-/merge2-1.4.1.tgz 3321ms (cache miss)
619 http fetch GET 200 https://registry.npmjs.org/loose-envify/-/loose-envify-1.4.0.tgz 3315ms (cache miss)
620 http fetch GET 200 https://registry.npmjs.org/mime-types/-/mime-types-2.1.35.tgz 3325ms (cache miss)
621 http fetch GET 200 https://registry.npmjs.org/math-intrinsics/-/math-intrinsics-1.1.0.tgz 3322ms (cache miss)
622 http fetch GET 200 https://registry.npmjs.org/isexe/-/isexe-2.0.0.tgz 3305ms (cache miss)
623 http fetch GET 200 https://registry.npmjs.org/type-check/-/type-check-0.4.0.tgz 3529ms (cache miss)
624 http fetch GET 200 https://registry.npmjs.org/postcss-import/-/postcss-import-15.1.0.tgz 3446ms (cache miss)
625 http fetch GET 200 https://registry.npmjs.org/picomatch/-/picomatch-4.0.4.tgz 3443ms (cache miss)
626 http fetch GET 200 https://registry.npmjs.org/pirates/-/pirates-4.0.7.tgz 3445ms (cache miss)
627 http fetch GET 200 https://registry.npmjs.org/node-releases/-/node-releases-2.0.37.tgz 3430ms (cache miss)
628 http fetch GET 200 https://registry.npmjs.org/natural-compare/-/natural-compare-1.4.0.tgz 3429ms (cache miss)
629 http fetch GET 200 https://registry.npmjs.org/ms/-/ms-2.1.3.tgz 3419ms (cache miss)
630 http fetch GET 200 https://registry.npmjs.org/micromatch/-/micromatch-4.0.8.tgz 3414ms (cache miss)
631 http fetch GET 200 https://registry.npmjs.org/import-fresh/-/import-fresh-3.3.1.tgz 3370ms (cache miss)
632 http fetch GET 200 https://registry.npmjs.org/semver/-/semver-6.3.1.tgz 3589ms (cache miss)
633 http fetch GET 200 https://registry.npmjs.org/reusify/-/reusify-1.1.0.tgz 3585ms (cache miss)
634 http fetch GET 200 https://registry.npmjs.org/optionator/-/optionator-0.9.4.tgz 3527ms (cache miss)
635 http fetch GET 200 https://registry.npmjs.org/lru-cache/-/lru-cache-5.1.1.tgz 3505ms (cache miss)
636 http fetch GET 200 https://registry.npmjs.org/minimatch/-/minimatch-3.1.5.tgz 3512ms (cache miss)
637 http fetch GET 200 https://registry.npmjs.org/is-glob/-/is-glob-4.0.3.tgz 3484ms (cache miss)
638 http fetch GET 200 https://registry.npmjs.org/jsesc/-/jsesc-3.1.0.tgz 3492ms (cache miss)
639 http fetch GET 200 https://registry.npmjs.org/js-tokens/-/js-tokens-4.0.0.tgz 3491ms (cache miss)
640 http fetch GET 200 https://registry.npmjs.org/imurmurhash/-/imurmurhash-0.1.4.tgz 3470ms (cache miss)
641 http fetch GET 200 https://registry.npmjs.org/p-locate/-/p-locate-5.0.0.tgz 3684ms (cache miss)
642 http fetch GET 200 https://registry.npmjs.org/object-assign/-/object-assign-4.1.1.tgz 3679ms (cache miss)
643 http fetch GET 200 https://registry.npmjs.org/lodash.merge/-/lodash.merge-4.6.2.tgz 3655ms (cache miss)
644 http fetch GET 200 https://registry.npmjs.org/lilconfig/-/lilconfig-3.1.3.tgz 3654ms (cache miss)
645 http fetch GET 200 https://registry.npmjs.org/has-tostringtag/-/has-tostringtag-1.0.2.tgz 3617ms (cache miss)
646 http fetch GET 200 https://registry.npmjs.org/has-flag/-/has-flag-4.0.0.tgz 3618ms (cache miss)
647 http fetch GET 200 https://registry.npmjs.org/hasown/-/hasown-2.0.2.tgz 3627ms (cache miss)
648 http fetch GET 200 https://registry.npmjs.org/use-sync-external-store/-/use-sync-external-store-1.6.0.tgz 3893ms (cache miss)
649 http fetch GET 200 https://registry.npmjs.org/to-regex-range/-/to-regex-range-5.0.1.tgz 3882ms (cache miss)
650 http fetch GET 200 https://registry.npmjs.org/proxy-from-env/-/proxy-from-env-2.1.0.tgz 3805ms (cache miss)
651 http fetch GET 200 https://registry.npmjs.org/json-buffer/-/json-buffer-3.0.1.tgz 3749ms (cache miss)
652 http fetch GET 200 https://registry.npmjs.org/is-number/-/is-number-7.0.0.tgz 3742ms (cache miss)
653 http fetch GET 200 https://registry.npmjs.org/is-core-module/-/is-core-module-2.16.1.tgz 3729ms (cache miss)
654 http fetch GET 200 https://registry.npmjs.org/is-extglob/-/is-extglob-2.1.1.tgz 3740ms (cache miss)
655 http fetch GET 200 https://registry.npmjs.org/ignore/-/ignore-5.3.2.tgz 3721ms (cache miss)
656 http fetch GET 200 https://registry.npmjs.org/is-binary-path/-/is-binary-path-2.1.0.tgz 3729ms (cache miss)
657 http fetch GET 200 https://registry.npmjs.org/find-up/-/find-up-5.0.0.tgz 3704ms (cache miss)
658 http fetch GET 200 https://registry.npmjs.org/get-proto/-/get-proto-1.0.1.tgz 3714ms (cache miss)
659 http fetch GET 200 https://registry.npmjs.org/eslint-plugin-react-refresh/-/eslint-plugin-react-refresh-0.4.26.tgz 3676ms (cache miss)
660 http fetch GET 200 https://registry.npmjs.org/levn/-/levn-0.4.1.tgz 3806ms (cache miss)
661 http fetch GET 200 https://registry.npmjs.org/locate-path/-/locate-path-6.0.0.tgz 3810ms (cache miss)
662 http fetch GET 200 https://registry.npmjs.org/json-stable-stringify-without-jsonify/-/json-stable-stringify-without-jsonify-1.0.1.tgz 3803ms (cache miss)
663 http fetch GET 200 https://registry.npmjs.org/has-symbols/-/has-symbols-1.1.0.tgz 3770ms (cache miss)
664 http fetch GET 200 https://registry.npmjs.org/gopd/-/gopd-1.2.0.tgz 3767ms (cache miss)
665 http fetch GET 200 https://registry.npmjs.org/internmap/-/internmap-2.0.3.tgz 3780ms (cache miss)
666 http fetch GET 200 https://registry.npmjs.org/fast-levenshtein/-/fast-levenshtein-2.0.6.tgz 3749ms (cache miss)
667 http fetch GET 200 https://registry.npmjs.org/fill-range/-/fill-range-7.1.1.tgz 3755ms (cache miss)
668 http fetch GET 200 https://registry.npmjs.org/get-intrinsic/-/get-intrinsic-1.3.0.tgz 3826ms (cache miss)
669 http fetch GET 200 https://registry.npmjs.org/gensync/-/gensync-1.0.0-beta.2.tgz 3826ms (cache miss)
670 http fetch GET 200 https://registry.npmjs.org/function-bind/-/function-bind-1.1.2.tgz 3826ms (cache miss)
671 http fetch GET 200 https://registry.npmjs.org/form-data/-/form-data-4.0.5.tgz 3825ms (cache miss)
672 http fetch GET 200 https://registry.npmjs.org/follow-redirects/-/follow-redirects-1.15.11.tgz 3823ms (cache miss)
673 http fetch GET 200 https://registry.npmjs.org/glob-parent/-/glob-parent-6.0.2.tgz 3832ms (cache miss)
674 http fetch GET 200 https://registry.npmjs.org/globals/-/globals-15.15.0.tgz 3834ms (cache miss)
675 http fetch GET 200 https://registry.npmjs.org/get-nonce/-/get-nonce-1.0.1.tgz 3834ms (cache miss)
676 http fetch GET 200 https://registry.npmjs.org/escape-string-regexp/-/escape-string-regexp-4.0.0.tgz 3792ms (cache miss)
677 http fetch GET 200 https://registry.npmjs.org/eventemitter3/-/eventemitter3-5.0.4.tgz 3808ms (cache miss)
678 http fetch GET 200 https://registry.npmjs.org/esrecurse/-/esrecurse-4.3.0.tgz 3803ms (cache miss)
679 http fetch GET 200 https://registry.npmjs.org/estraverse/-/estraverse-5.3.0.tgz 3807ms (cache miss)
680 http fetch GET 200 https://registry.npmjs.org/fast-deep-equal/-/fast-deep-equal-3.1.3.tgz 3808ms (cache miss)
681 http fetch GET 200 https://registry.npmjs.org/dlv/-/dlv-1.1.3.tgz 3781ms (cache miss)
682 http fetch GET 200 https://registry.npmjs.org/scheduler/-/scheduler-0.23.2.tgz 4080ms (cache miss)
683 http fetch GET 200 https://registry.npmjs.org/fdir/-/fdir-6.5.0.tgz 3932ms (cache miss)
684 http fetch GET 200 https://registry.npmjs.org/fastq/-/fastq-1.20.1.tgz 3931ms (cache miss)
685 http fetch GET 200 https://registry.npmjs.org/fast-json-stable-stringify/-/fast-json-stable-stringify-2.1.0.tgz 3930ms (cache miss)
686 http fetch GET 200 https://registry.npmjs.org/flat-cache/-/flat-cache-4.0.1.tgz 3951ms (cache miss)
687 http fetch GET 200 https://registry.npmjs.org/es-errors/-/es-errors-1.3.0.tgz 3913ms (cache miss)
688 http fetch GET 200 https://registry.npmjs.org/es-object-atoms/-/es-object-atoms-1.1.1.tgz 3911ms (cache miss)
689 http fetch GET 200 https://registry.npmjs.org/ts-api-utils/-/ts-api-utils-2.5.0.tgz 4202ms (cache miss)
690 http fetch GET 200 https://registry.npmjs.org/prelude-ls/-/prelude-ls-1.2.1.tgz 4132ms (cache miss)
691 http fetch GET 200 https://registry.npmjs.org/keyv/-/keyv-4.5.4.tgz 4077ms (cache miss)
692 http fetch GET 200 https://registry.npmjs.org/eslint-visitor-keys/-/eslint-visitor-keys-4.2.1.tgz 3998ms (cache miss)
693 http fetch GET 200 https://registry.npmjs.org/escalade/-/escalade-3.2.0.tgz 3991ms (cache miss)
694 http fetch GET 200 https://registry.npmjs.org/esutils/-/esutils-2.0.3.tgz 4005ms (cache miss)
695 http fetch GET 200 https://registry.npmjs.org/file-entry-cache/-/file-entry-cache-8.0.0.tgz 4027ms (cache miss)
696 http fetch GET 200 https://registry.npmjs.org/detect-libc/-/detect-libc-2.1.2.tgz 3961ms (cache miss)
697 http fetch GET 200 https://registry.npmjs.org/deep-is/-/deep-is-0.1.4.tgz 3955ms (cache miss)
698 http fetch GET 200 https://registry.npmjs.org/didyoumean/-/didyoumean-1.2.2.tgz 3978ms (cache miss)
699 http fetch GET 200 https://registry.npmjs.org/es-set-tostringtag/-/es-set-tostringtag-2.1.0.tgz 4062ms (cache miss)
700 http fetch GET 200 https://registry.npmjs.org/es-define-property/-/es-define-property-1.0.1.tgz 4060ms (cache miss)
701 http fetch GET 200 https://registry.npmjs.org/esbuild/-/esbuild-0.21.5.tgz 4157ms (cache miss)
702 http fetch GET 200 https://registry.npmjs.org/detect-node-es/-/detect-node-es-1.1.0.tgz 4138ms (cache miss)
703 http fetch GET 200 https://registry.npmjs.org/delayed-stream/-/delayed-stream-1.0.0.tgz 4123ms (cache miss)
704 http fetch GET 200 https://registry.npmjs.org/dunder-proto/-/dunder-proto-1.0.1.tgz 4144ms (cache miss)
705 http fetch GET 200 https://registry.npmjs.org/cross-spawn/-/cross-spawn-7.0.6.tgz 4087ms (cache miss)
706 http fetch GET 200 https://registry.npmjs.org/convert-source-map/-/convert-source-map-2.0.0.tgz 4086ms (cache miss)
707 http fetch GET 200 https://registry.npmjs.org/concat-map/-/concat-map-0.0.1.tgz 4086ms (cache miss)
708 http fetch GET 200 https://registry.npmjs.org/d3-color/-/d3-color-3.1.0.tgz 4094ms (cache miss)
709 http fetch GET 200 https://registry.npmjs.org/balanced-match/-/balanced-match-1.0.2.tgz 4064ms (cache miss)
710 http fetch GET 200 https://registry.npmjs.org/espree/-/espree-10.4.0.tgz 4267ms (cache miss)
711 http fetch GET 200 https://registry.npmjs.org/d3-path/-/d3-path-3.1.0.tgz 4209ms (cache miss)
712 http fetch GET 200 https://registry.npmjs.org/d3-format/-/d3-format-3.1.2.tgz 4207ms (cache miss)
713 http fetch GET 200 https://registry.npmjs.org/d3-timer/-/d3-timer-3.0.1.tgz 4218ms (cache miss)
714 http fetch GET 200 https://registry.npmjs.org/color-convert/-/color-convert-2.0.1.tgz 4196ms (cache miss)
715 http fetch GET 200 https://registry.npmjs.org/camelcase-css/-/camelcase-css-2.0.1.tgz 4187ms (cache miss)
716 http fetch GET 200 https://registry.npmjs.org/call-bind-apply-helpers/-/call-bind-apply-helpers-1.0.2.tgz 4185ms (cache miss)
717 http fetch GET 200 https://registry.npmjs.org/class-variance-authority/-/class-variance-authority-0.7.1.tgz 4196ms (cache miss)
718 http fetch GET 200 https://registry.npmjs.org/arg/-/arg-5.0.2.tgz 4173ms (cache miss)
719 http fetch GET 200 https://registry.npmjs.org/sonner/-/sonner-2.0.7.tgz 4549ms (cache miss)
720 http fetch GET 200 https://registry.npmjs.org/redux-thunk/-/redux-thunk-3.1.0.tgz 4536ms (cache miss)
721 http fetch GET 200 https://registry.npmjs.org/debug/-/debug-4.4.3.tgz 4303ms (cache miss)
722 http fetch GET 200 https://registry.npmjs.org/color-name/-/color-name-1.1.4.tgz 4278ms (cache miss)
723 http fetch GET 200 https://registry.npmjs.org/chalk/-/chalk-4.1.2.tgz 4273ms (cache miss)
724 http fetch GET 200 https://registry.npmjs.org/asynckit/-/asynckit-0.4.0.tgz 4254ms (cache miss)
725 http fetch GET 200 https://registry.npmjs.org/brace-expansion/-/brace-expansion-1.1.13.tgz 4263ms (cache miss)
726 http fetch GET 200 https://registry.npmjs.org/cookie/-/cookie-1.1.1.tgz 4367ms (cache miss)
727 http fetch GET 200 https://registry.npmjs.org/combined-stream/-/combined-stream-1.0.8.tgz 4363ms (cache miss)
728 http fetch GET 200 https://registry.npmjs.org/callsites/-/callsites-3.1.0.tgz 4350ms (cache miss)
729 http fetch GET 200 https://registry.npmjs.org/binary-extensions/-/binary-extensions-2.3.0.tgz 4345ms (cache miss)
730 http fetch GET 200 https://registry.npmjs.org/chokidar/-/chokidar-3.6.0.tgz 4361ms (cache miss)
731 http fetch GET 200 https://registry.npmjs.org/anymatch/-/anymatch-3.1.3.tgz 4349ms (cache miss)
732 http fetch GET 200 https://registry.npmjs.org/any-promise/-/any-promise-1.3.0.tgz 4352ms (cache miss)
733 http fetch GET 200 https://registry.npmjs.org/@typescript-eslint/project-service/-/project-service-8.58.1.tgz 4335ms (cache miss)
734 http fetch GET 200 https://registry.npmjs.org/@types/d3-timer/-/d3-timer-3.0.2.tgz 4326ms (cache miss)
735 http fetch GET 200 https://registry.npmjs.org/@types/d3-time/-/d3-time-3.0.4.tgz 4317ms (cache miss)
736 http fetch GET 200 https://registry.npmjs.org/@types/estree/-/estree-1.0.8.tgz 4326ms (cache miss)
737 http fetch GET 200 https://registry.npmjs.org/d3-time/-/d3-time-3.1.0.tgz 4462ms (cache miss)
738 http fetch GET 200 https://registry.npmjs.org/commander/-/commander-4.1.1.tgz 4443ms (cache miss)
739 http fetch GET 200 https://registry.npmjs.org/cssesc/-/cssesc-3.0.0.tgz 4449ms (cache miss)
740 http fetch GET 200 https://registry.npmjs.org/braces/-/braces-3.0.3.tgz 4425ms (cache miss)
741 http fetch GET 200 https://registry.npmjs.org/clsx/-/clsx-2.1.1.tgz 4440ms (cache miss)
742 http fetch GET 200 https://registry.npmjs.org/@vitejs/plugin-react/-/plugin-react-4.7.0.tgz 4406ms (cache miss)
743 http fetch GET 200 https://registry.npmjs.org/@typescript-eslint/visitor-keys/-/visitor-keys-8.58.1.tgz 4405ms (cache miss)
744 http fetch GET 200 https://registry.npmjs.org/acorn-jsx/-/acorn-jsx-5.3.2.tgz 4490ms (cache miss)
745 http fetch GET 200 https://registry.npmjs.org/ansi-styles/-/ansi-styles-4.3.0.tgz 4492ms (cache miss)
746 http fetch GET 200 https://registry.npmjs.org/@types/react-dom/-/react-dom-18.3.7.tgz 4470ms (cache miss)
747 http fetch GET 200 https://registry.npmjs.org/nanoid/-/nanoid-3.3.11.tgz 4788ms (cache miss)
748 http fetch GET 200 https://registry.npmjs.org/d3-ease/-/d3-ease-3.0.1.tgz 4603ms (cache miss)
749 http fetch GET 200 https://registry.npmjs.org/argparse/-/argparse-2.0.1.tgz 4564ms (cache miss)
750 http fetch GET 200 https://registry.npmjs.org/@types/use-sync-external-store/-/use-sync-external-store-0.0.6.tgz 4538ms (cache miss)
751 http fetch GET 200 https://registry.npmjs.org/@types/d3-color/-/d3-color-3.1.3.tgz 4517ms (cache miss)
752 http fetch GET 200 https://registry.npmjs.org/@types/d3-ease/-/d3-ease-3.0.2.tgz 4518ms (cache miss)
753 http fetch GET 200 https://registry.npmjs.org/@types/d3-interpolate/-/d3-interpolate-3.0.4.tgz 4519ms (cache miss)
754 http fetch GET 200 https://registry.npmjs.org/@rolldown/pluginutils/-/pluginutils-1.0.0-beta.27.tgz 4504ms (cache miss)
755 http fetch GET 200 https://registry.npmjs.org/@radix-ui/react-use-size/-/react-use-size-1.1.1.tgz 4500ms (cache miss)
756 http fetch GET 200 https://registry.npmjs.org/browserslist/-/browserslist-4.28.2.tgz 4619ms (cache miss)
757 http fetch GET 200 https://registry.npmjs.org/aria-hidden/-/aria-hidden-1.2.6.tgz 4608ms (cache miss)
758 http fetch GET 200 https://registry.npmjs.org/@typescript-eslint/parser/-/parser-8.58.1.tgz 4584ms (cache miss)
759 http fetch GET 200 https://registry.npmjs.org/@typescript-eslint/tsconfig-utils/-/tsconfig-utils-8.58.1.tgz 4588ms (cache miss)
760 http fetch GET 200 https://registry.npmjs.org/@types/prop-types/-/prop-types-15.7.15.tgz 4582ms (cache miss)
761 http fetch GET 200 https://registry.npmjs.org/@types/d3-scale/-/d3-scale-4.0.9.tgz 4568ms (cache miss)
762 http fetch GET 200 https://registry.npmjs.org/@types/json-schema/-/json-schema-7.0.15.tgz 4580ms (cache miss)
763 http fetch GET 200 https://registry.npmjs.org/@types/d3-array/-/d3-array-3.2.2.tgz 4563ms (cache miss)
764 http fetch GET 200 https://registry.npmjs.org/@types/babel__generator/-/babel__generator-7.27.0.tgz 4561ms (cache miss)
765 http fetch GET 200 https://registry.npmjs.org/@standard-schema/utils/-/utils-0.3.0.tgz 4557ms (cache miss)
766 http fetch GET 200 https://registry.npmjs.org/@radix-ui/react-use-controllable-state/-/react-use-controllable-state-1.2.2.tgz 4538ms (cache miss)
767 http fetch GET 200 https://registry.npmjs.org/@radix-ui/react-use-escape-keydown/-/react-use-escape-keydown-1.1.1.tgz 4541ms (cache miss)
768 http fetch GET 200 https://registry.npmjs.org/@socket.io/component-emitter/-/component-emitter-3.1.2.tgz 4622ms (cache miss)
769 http fetch GET 200 https://registry.npmjs.org/@types/babel__template/-/babel__template-7.4.4.tgz 4631ms (cache miss)
770 http fetch GET 200 https://registry.npmjs.org/@radix-ui/react-visually-hidden/-/react-visually-hidden-1.2.3.tgz 4618ms (cache miss)
771 http fetch GET 200 https://registry.npmjs.org/@standard-schema/spec/-/spec-1.1.0.tgz 4625ms (cache miss)
772 http fetch GET 200 https://registry.npmjs.org/@types/babel__core/-/babel__core-7.20.5.tgz 4630ms (cache miss)
773 http fetch GET 200 https://registry.npmjs.org/@radix-ui/rect/-/rect-1.1.1.tgz 4620ms (cache miss)
774 http fetch GET 200 https://registry.npmjs.org/@types/d3-path/-/d3-path-3.1.1.tgz 4639ms (cache miss)
775 http fetch GET 200 https://registry.npmjs.org/@radix-ui/react-tabs/-/react-tabs-1.1.13.tgz 4606ms (cache miss)
776 http fetch GET 200 https://registry.npmjs.org/embla-carousel-reactive-utils/-/embla-carousel-reactive-utils-8.6.0.tgz 4853ms (cache miss)
777 http fetch GET 200 https://registry.npmjs.org/embla-carousel-react/-/embla-carousel-react-8.6.0.tgz 4852ms (cache miss)
778 http fetch GET 200 https://registry.npmjs.org/decimal.js-light/-/decimal.js-light-2.5.1.tgz 4818ms (cache miss)
779 http fetch GET 200 https://registry.npmjs.org/@types/babel__traverse/-/babel__traverse-7.28.0.tgz 4707ms (cache miss)
780 http fetch GET 200 https://registry.npmjs.org/@types/d3-shape/-/d3-shape-3.1.8.tgz 4716ms (cache miss)
781 http fetch GET 200 https://registry.npmjs.org/@radix-ui/react-use-callback-ref/-/react-use-callback-ref-1.1.1.tgz 4682ms (cache miss)
782 http fetch GET 200 https://registry.npmjs.org/@radix-ui/react-use-rect/-/react-use-rect-1.1.1.tgz 4692ms (cache miss)
783 http fetch GET 200 https://registry.npmjs.org/@radix-ui/react-use-previous/-/react-use-previous-1.1.1.tgz 4690ms (cache miss)
784 http fetch GET 200 https://registry.npmjs.org/@radix-ui/react-use-layout-effect/-/react-use-layout-effect-1.1.1.tgz 4690ms (cache miss)
785 http fetch GET 200 https://registry.npmjs.org/@radix-ui/react-use-is-hydrated/-/react-use-is-hydrated-0.1.0.tgz 4689ms (cache miss)
786 http fetch GET 200 https://registry.npmjs.org/@radix-ui/react-separator/-/react-separator-1.1.8.tgz 4675ms (cache miss)
787 http fetch GET 200 https://registry.npmjs.org/@radix-ui/react-label/-/react-label-2.1.8.tgz 4655ms (cache miss)
788 http fetch GET 200 https://registry.npmjs.org/@radix-ui/react-presence/-/react-presence-1.1.5.tgz 4663ms (cache miss)
789 http fetch GET 200 https://registry.npmjs.org/@radix-ui/react-portal/-/react-portal-1.1.9.tgz 4662ms (cache miss)
790 http fetch GET 200 https://registry.npmjs.org/mime-db/-/mime-db-1.52.0.tgz 5034ms (cache miss)
791 http fetch GET 200 https://registry.npmjs.org/electron-to-chromium/-/electron-to-chromium-1.5.334.tgz 4917ms (cache miss)
792 http fetch GET 200 https://registry.npmjs.org/@radix-ui/react-roving-focus/-/react-roving-focus-1.1.11.tgz 4730ms (cache miss)
793 http fetch GET 200 https://registry.npmjs.org/@radix-ui/react-progress/-/react-progress-1.1.8.tgz 4728ms (cache miss)
794 http fetch GET 200 https://registry.npmjs.org/@radix-ui/react-primitive/-/react-primitive-2.1.3.tgz 4728ms (cache miss)
795 http fetch GET 200 https://registry.npmjs.org/@radix-ui/react-switch/-/react-switch-1.2.6.tgz 4744ms (cache miss)
796 http fetch GET 200 https://registry.npmjs.org/@radix-ui/react-slot/-/react-slot-1.2.4.tgz 4746ms (cache miss)
797 http fetch GET 200 https://registry.npmjs.org/@radix-ui/react-dialog/-/react-dialog-1.1.15.tgz 4713ms (cache miss)
798 http fetch GET 200 https://registry.npmjs.org/source-map-js/-/source-map-js-1.2.1.tgz 5190ms (cache miss)
799 http fetch GET 200 https://registry.npmjs.org/@radix-ui/react-use-effect-event/-/react-use-effect-event-0.0.2.tgz 4814ms (cache miss)
800 http fetch GET 200 https://registry.npmjs.org/@radix-ui/react-radio-group/-/react-radio-group-1.3.8.tgz 4794ms (cache miss)
801 http fetch GET 200 https://registry.npmjs.org/@radix-ui/react-popover/-/react-popover-1.1.15.tgz 4787ms (cache miss)
802 http fetch GET 200 https://registry.npmjs.org/@radix-ui/react-compose-refs/-/react-compose-refs-1.1.2.tgz 4773ms (cache miss)
803 http fetch GET 200 https://registry.npmjs.org/@radix-ui/react-collapsible/-/react-collapsible-1.1.12.tgz 4762ms (cache miss)
804 http fetch GET 200 https://registry.npmjs.org/eslint-scope/-/eslint-scope-8.4.0.tgz 5039ms (cache miss)
805 http fetch GET 200 https://registry.npmjs.org/@radix-ui/react-dropdown-menu/-/react-dropdown-menu-2.1.16.tgz 4811ms (cache miss)
806 http fetch GET 200 https://registry.npmjs.org/@radix-ui/react-id/-/react-id-1.1.1.tgz 4815ms (cache miss)
807 http fetch GET 200 https://registry.npmjs.org/@radix-ui/react-direction/-/react-direction-1.1.1.tgz 4811ms (cache miss)
808 http fetch GET 200 https://registry.npmjs.org/@radix-ui/react-focus-guards/-/react-focus-guards-1.1.3.tgz 4815ms (cache miss)
809 http fetch GET 200 https://registry.npmjs.org/@nodelib/fs.scandir/-/fs.scandir-2.1.5.tgz 4782ms (cache miss)
810 http fetch GET 200 https://registry.npmjs.org/@radix-ui/react-arrow/-/react-arrow-1.1.7.tgz 4792ms (cache miss)
811 http fetch GET 200 https://registry.npmjs.org/@radix-ui/react-alert-dialog/-/react-alert-dialog-1.1.15.tgz 4790ms (cache miss)
812 http fetch GET 200 https://registry.npmjs.org/@nodelib/fs.walk/-/fs.walk-1.2.8.tgz 4786ms (cache miss)
813 http fetch GET 200 https://registry.npmjs.org/@radix-ui/react-popper/-/react-popper-1.2.8.tgz 4858ms (cache miss)
814 http fetch GET 200 https://registry.npmjs.org/@radix-ui/react-checkbox/-/react-checkbox-1.3.3.tgz 4840ms (cache miss)
815 http fetch GET 200 https://registry.npmjs.org/@radix-ui/react-avatar/-/react-avatar-1.1.11.tgz 4827ms (cache miss)
816 http fetch GET 200 https://registry.npmjs.org/react-style-singleton/-/react-style-singleton-2.2.3.tgz 5268ms (cache miss)
817 http fetch GET 200 https://registry.npmjs.org/baseline-browser-mapping/-/baseline-browser-mapping-2.10.17.tgz 5001ms (cache miss)
818 http fetch GET 200 https://registry.npmjs.org/@radix-ui/react-tooltip/-/react-tooltip-1.2.8.tgz 4916ms (cache miss)
819 http fetch GET 200 https://registry.npmjs.org/@radix-ui/react-focus-scope/-/react-focus-scope-1.1.7.tgz 4887ms (cache miss)
820 http fetch GET 200 https://registry.npmjs.org/@radix-ui/react-accordion/-/react-accordion-1.2.12.tgz 4859ms (cache miss)
821 http fetch GET 200 https://registry.npmjs.org/@radix-ui/primitive/-/primitive-1.1.3.tgz 4856ms (cache miss)
822 http fetch GET 200 https://registry.npmjs.org/@radix-ui/number/-/number-1.1.1.tgz 4859ms (cache miss)
823 http fetch GET 200 https://registry.npmjs.org/@humanwhocodes/retry/-/retry-0.4.3.tgz 4843ms (cache miss)
824 http fetch GET 200 https://registry.npmjs.org/json5/-/json5-2.2.3.tgz 5222ms (cache miss)
825 http fetch GET 200 https://registry.npmjs.org/fraction.js/-/fraction.js-5.3.4.tgz 5175ms (cache miss)
826 http fetch GET 200 https://registry.npmjs.org/@radix-ui/react-dismissable-layer/-/react-dismissable-layer-1.1.11.tgz 4915ms (cache miss)
827 http fetch GET 200 https://registry.npmjs.org/@radix-ui/react-context/-/react-context-1.1.2.tgz 4913ms (cache miss)
828 http fetch GET 200 https://registry.npmjs.org/@jridgewell/resolve-uri/-/resolve-uri-3.1.2.tgz 4886ms (cache miss)
829 http fetch GET 200 https://registry.npmjs.org/@img/colour/-/colour-1.1.0.tgz 4878ms (cache miss)
830 http fetch GET 200 https://registry.npmjs.org/@floating-ui/utils/-/utils-0.2.11.tgz 4873ms (cache miss)
831 http fetch GET 200 https://registry.npmjs.org/typescript-eslint/-/typescript-eslint-8.58.1.tgz 5395ms (cache miss)
832 http fetch GET 200 https://registry.npmjs.org/@typescript-eslint/types/-/types-8.58.1.tgz 5039ms (cache miss)
833 http fetch GET 200 https://registry.npmjs.org/@radix-ui/react-slider/-/react-slider-1.3.6.tgz 4974ms (cache miss)
834 http fetch GET 200 https://registry.npmjs.org/@nodelib/fs.stat/-/fs.stat-2.0.5.tgz 4915ms (cache miss)
835 http fetch GET 200 https://registry.npmjs.org/@humanwhocodes/module-importer/-/module-importer-1.0.1.tgz 4902ms (cache miss)
836 http fetch GET 200 https://registry.npmjs.org/@humanfs/core/-/core-0.19.1.tgz 4902ms (cache miss)
837 http fetch GET 200 https://registry.npmjs.org/flatted/-/flatted-3.4.2.tgz 5236ms (cache miss)
838 http fetch GET 200 https://registry.npmjs.org/@radix-ui/react-collection/-/react-collection-1.1.7.tgz 4967ms (cache miss)
839 http fetch GET 200 https://registry.npmjs.org/@floating-ui/react-dom/-/react-dom-2.1.8.tgz 4928ms (cache miss)
840 http fetch GET 200 https://registry.npmjs.org/@eslint/js/-/js-9.39.4.tgz 4924ms (cache miss)
841 http fetch GET 200 https://registry.npmjs.org/undici-types/-/undici-types-7.18.2.tgz 5458ms (cache miss)
842 http fetch GET 200 https://registry.npmjs.org/@radix-ui/react-scroll-area/-/react-scroll-area-1.2.10.tgz 5024ms (cache miss)
843 http fetch GET 200 https://registry.npmjs.org/@humanfs/node/-/node-0.16.7.tgz 4960ms (cache miss)
844 http fetch GET 200 https://registry.npmjs.org/@babel/plugin-transform-react-jsx-self/-/plugin-transform-react-jsx-self-7.27.1.tgz 4932ms (cache miss)
845 http fetch GET 200 https://registry.npmjs.org/@babel/helper-validator-option/-/helper-validator-option-7.27.1.tgz 4927ms (cache miss)
846 http fetch GET 200 https://registry.npmjs.org/react/-/react-18.3.1.tgz 5397ms (cache miss)
847 http fetch GET 200 https://registry.npmjs.org/@babel/plugin-transform-react-jsx-source/-/plugin-transform-react-jsx-source-7.27.1.tgz 4959ms (cache miss)
848 http fetch GET 200 https://registry.npmjs.org/@babel/helper-module-imports/-/helper-module-imports-7.28.6.tgz 4950ms (cache miss)
849 http fetch GET 200 https://registry.npmjs.org/@babel/helper-globals/-/helper-globals-7.28.0.tgz 4950ms (cache miss)
850 http fetch GET 200 https://registry.npmjs.org/eslint-plugin-react-hooks/-/eslint-plugin-react-hooks-5.2.0.tgz 5286ms (cache miss)
851 http fetch GET 200 https://registry.npmjs.org/@radix-ui/react-menubar/-/react-menubar-1.1.16.tgz 5067ms (cache miss)
852 http fetch GET 200 https://registry.npmjs.org/@eslint/core/-/core-0.17.0.tgz 5003ms (cache miss)
853 http fetch GET 200 https://registry.npmjs.org/@babel/helper-string-parser/-/helper-string-parser-7.27.1.tgz 4978ms (cache miss)
854 http fetch GET 200 https://registry.npmjs.org/glob-parent/-/glob-parent-5.1.2.tgz 4957ms (cache miss)
855 http fetch GET 200 https://registry.npmjs.org/@eslint/config-helpers/-/config-helpers-0.4.2.tgz 5016ms (cache miss)
856 http fetch GET 200 https://registry.npmjs.org/@babel/helper-validator-identifier/-/helper-validator-identifier-7.28.5.tgz 4997ms (cache miss)
857 http fetch GET 200 https://registry.npmjs.org/@babel/code-frame/-/code-frame-7.29.0.tgz 4987ms (cache miss)
858 http fetch GET 200 https://registry.npmjs.org/balanced-match/-/balanced-match-4.0.4.tgz 4965ms (cache miss)
859 http fetch GET 200 https://registry.npmjs.org/@radix-ui/react-toast/-/react-toast-1.2.15.tgz 5139ms (cache miss)
860 http fetch GET 200 https://registry.npmjs.org/@eslint/object-schema/-/object-schema-2.1.7.tgz 5293ms (cache miss)
861 http fetch GET 200 https://registry.npmjs.org/@babel/compat-data/-/compat-data-7.29.0.tgz 5258ms (cache miss)
862 http fetch GET 200 https://registry.npmjs.org/ignore/-/ignore-7.0.5.tgz 5235ms (cache miss)
863 http fetch GET 200 https://registry.npmjs.org/eslint-visitor-keys/-/eslint-visitor-keys-5.0.1.tgz 5244ms (cache miss)
864 http fetch GET 200 https://registry.npmjs.org/@babel/helper-plugin-utils/-/helper-plugin-utils-7.28.6.tgz 5282ms (cache miss)
865 http fetch GET 200 https://registry.npmjs.org/brace-expansion/-/brace-expansion-5.0.5.tgz 5255ms (cache miss)
866 http fetch GET 200 https://registry.npmjs.org/@radix-ui/react-menu/-/react-menu-2.1.16.tgz 5395ms (cache miss)
867 http fetch GET 200 https://registry.npmjs.org/@eslint/plugin-kit/-/plugin-kit-0.4.1.tgz 5337ms (cache miss)
868 http fetch GET 200 https://registry.npmjs.org/glob-parent/-/glob-parent-5.1.2.tgz 5284ms (cache miss)
869 http fetch GET 200 https://registry.npmjs.org/@radix-ui/react-primitive/-/react-primitive-2.1.4.tgz 5273ms (cache miss)
870 http fetch GET 200 https://registry.npmjs.org/d3-interpolate/-/d3-interpolate-3.0.1.tgz 5562ms (cache miss)
871 http fetch GET 200 https://registry.npmjs.org/@alloc/quick-lru/-/quick-lru-5.2.0.tgz 5314ms (cache miss)
872 http fetch GET 200 https://registry.npmjs.org/picomatch/-/picomatch-2.3.2.tgz 5317ms (cache miss)
873 http fetch GET 200 https://registry.npmjs.org/@radix-ui/react-slot/-/react-slot-1.2.3.tgz 5305ms (cache miss)
874 http fetch GET 200 https://registry.npmjs.org/@radix-ui/react-primitive/-/react-primitive-2.1.4.tgz 5301ms (cache miss)
875 http fetch GET 200 https://registry.npmjs.org/@radix-ui/react-primitive/-/react-primitive-2.1.4.tgz 5295ms (cache miss)
876 http fetch GET 200 https://registry.npmjs.org/@radix-ui/react-primitive/-/react-primitive-2.1.4.tgz 5292ms (cache miss)
877 http fetch GET 200 https://registry.npmjs.org/globals/-/globals-14.0.0.tgz 5288ms (cache miss)
878 http fetch GET 200 https://registry.npmjs.org/eslint-visitor-keys/-/eslint-visitor-keys-3.4.3.tgz 5288ms (cache miss)
879 http fetch GET 200 https://registry.npmjs.org/@floating-ui/dom/-/dom-1.7.6.tgz 5389ms (cache miss)
880 http fetch GET 200 https://registry.npmjs.org/picomatch/-/picomatch-2.3.2.tgz 5345ms (cache miss)
881 http fetch GET 200 https://registry.npmjs.org/picomatch/-/picomatch-2.3.2.tgz 5335ms (cache miss)
882 http fetch GET 200 https://registry.npmjs.org/@radix-ui/react-context/-/react-context-1.1.3.tgz 5312ms (cache miss)
883 http fetch GET 200 https://registry.npmjs.org/postcss-selector-parser/-/postcss-selector-parser-6.1.2.tgz 5824ms (cache miss)
884 http fetch GET 200 https://registry.npmjs.org/@radix-ui/react-slot/-/react-slot-1.2.3.tgz 5339ms (cache miss)
885 http fetch GET 200 https://registry.npmjs.org/@radix-ui/react-slot/-/react-slot-1.2.3.tgz 5333ms (cache miss)
886 http fetch GET 200 https://registry.npmjs.org/@radix-ui/react-slot/-/react-slot-1.2.3.tgz 5335ms (cache miss)
887 http fetch GET 200 https://registry.npmjs.org/@radix-ui/react-slot/-/react-slot-1.2.3.tgz 5331ms (cache miss)
888 http fetch GET 200 https://registry.npmjs.org/@radix-ui/react-slot/-/react-slot-1.2.3.tgz 5330ms (cache miss)
889 http fetch GET 200 https://registry.npmjs.org/@radix-ui/react-slot/-/react-slot-1.2.3.tgz 5335ms (cache miss)
890 http fetch GET 200 https://registry.npmjs.org/@radix-ui/react-slot/-/react-slot-1.2.3.tgz 5327ms (cache miss)
891 http fetch GET 200 https://registry.npmjs.org/@babel/helper-compilation-targets/-/helper-compilation-targets-7.28.6.tgz 5386ms (cache miss)
892 http fetch GET 200 https://registry.npmjs.org/@radix-ui/react-context/-/react-context-1.1.3.tgz 5353ms (cache miss)
893 http fetch GET 200 https://registry.npmjs.org/ws/-/ws-8.18.3.tgz 5958ms (cache miss)
894 http fetch GET 200 https://registry.npmjs.org/d3-scale/-/d3-scale-4.0.2.tgz 5648ms (cache miss)
895 http fetch GET 200 https://registry.npmjs.org/follow-redirects 4892ms (cache miss)
896 silly packumentCache corgi:https://registry.npmjs.org/follow-redirects set size:undefined disposed:false
897 http fetch GET 200 https://registry.npmjs.org/zustand/-/zustand-5.0.12.tgz 5986ms (cache miss)
898 http fetch GET 200 https://registry.npmjs.org/@radix-ui/react-select/-/react-select-2.2.6.tgz 5541ms (cache miss)
899 http fetch GET 200 https://registry.npmjs.org/@tabby_ai/hijri-converter/-/hijri-converter-1.0.5.tgz 5605ms (cache miss)
900 http fetch GET 200 https://registry.npmjs.org/@floating-ui/core/-/core-1.7.5.tgz 5497ms (cache miss)
901 http fetch GET 200 https://registry.npmjs.org/@babel/template/-/template-7.28.6.tgz 5473ms (cache miss)
902 http fetch GET 200 https://registry.npmjs.org/engine.io-parser/-/engine.io-parser-5.2.3.tgz 5793ms (cache miss)
903 http fetch GET 200 https://registry.npmjs.org/redux/-/redux-5.0.1.tgz 5991ms (cache miss)
904 http fetch GET 200 https://registry.npmjs.org/@img/sharp-linuxmusl-x64/-/sharp-linuxmusl-x64-0.34.5.tgz 5553ms (cache miss)
905 http fetch GET 200 https://registry.npmjs.org/d3-time-format/-/d3-time-format-4.1.0.tgz 5794ms (cache miss)
906 http fetch GET 200 https://registry.npmjs.org/@types/react/-/react-18.3.28.tgz 5733ms (cache miss)
907 http fetch GET 200 https://registry.npmjs.org/@babel/helper-module-transforms/-/helper-module-transforms-7.28.6.tgz 5562ms (cache miss)
908 http fetch GET 200 https://registry.npmjs.org/@jridgewell/remapping/-/remapping-2.3.5.tgz 5624ms (cache miss)
909 http fetch GET 200 https://registry.npmjs.org/acorn/-/acorn-8.16.0.tgz 5776ms (cache miss)
910 http fetch GET 200 https://registry.npmjs.org/@jridgewell/sourcemap-codec/-/sourcemap-codec-1.5.5.tgz 5636ms (cache miss)
911 http fetch GET 200 https://registry.npmjs.org/@img/sharp-linux-x64/-/sharp-linux-x64-0.34.5.tgz 5665ms (cache miss)
912 http fetch GET 200 https://registry.npmjs.org/use-callback-ref/-/use-callback-ref-1.3.3.tgz 6194ms (cache miss)
913 http fetch GET 200 https://registry.npmjs.org/@jridgewell/gen-mapping/-/gen-mapping-0.3.13.tgz 5695ms (cache miss)
914 http fetch GET 200 https://registry.npmjs.org/@eslint-community/eslint-utils/-/eslint-utils-4.9.1.tgz 5664ms (cache miss)
915 http fetch GET 200 https://registry.npmjs.org/@eslint-community/regexpp/-/regexpp-4.12.2.tgz 5697ms (cache miss)
916 http fetch GET 200 https://registry.npmjs.org/use-sidecar/-/use-sidecar-1.1.3.tgz 6257ms (cache miss)
917 http fetch GET 200 https://registry.npmjs.org/postcss/-/postcss-8.5.9.tgz 6190ms (cache miss)
918 http fetch GET 200 https://registry.npmjs.org/postcss 5221ms (cache miss)
919 silly packumentCache corgi:https://registry.npmjs.org/postcss set size:undefined disposed:false
920 http fetch GET 200 https://registry.npmjs.org/js-yaml/-/js-yaml-4.1.1.tgz 6169ms (cache miss)
921 http fetch GET 200 https://registry.npmjs.org/react-remove-scroll/-/react-remove-scroll-2.7.2.tgz 6295ms (cache miss)
922 http fetch GET 200 https://registry.npmjs.org/@eslint/config-array/-/config-array-0.21.2.tgz 5851ms (cache miss)
923 http fetch GET 200 https://registry.npmjs.org/@emnapi/runtime/-/runtime-1.9.2.tgz 5886ms (cache miss)
924 http fetch GET 200 https://registry.npmjs.org/reselect/-/reselect-5.1.1.tgz 6384ms (cache miss)
925 http fetch GET 200 https://registry.npmjs.org/fast-glob/-/fast-glob-3.3.3.tgz 6263ms (cache miss)
926 http fetch GET 200 https://registry.npmjs.org/@date-fns/tz/-/tz-1.4.1.tgz 5996ms (cache miss)
927 http fetch GET 200 https://registry.npmjs.org/@typescript-eslint/type-utils/-/type-utils-8.58.1.tgz 6192ms (cache miss)
928 http fetch GET 200 https://registry.npmjs.org/d3-array/-/d3-array-3.2.4.tgz 6271ms (cache miss)
929 http fetch GET 200 https://registry.npmjs.org/@jridgewell/trace-mapping/-/trace-mapping-0.3.31.tgz 6132ms (cache miss)
930 http fetch GET 200 https://registry.npmjs.org/@tanstack/react-table/-/react-table-8.21.3.tgz 6243ms (cache miss)
931 http fetch GET 200 https://registry.npmjs.org/csstype/-/csstype-3.2.3.tgz 6345ms (cache miss)
932 http fetch GET 200 https://registry.npmjs.org/semver/-/semver-7.7.4.tgz 6097ms (cache miss)
933 http fetch GET 200 https://registry.npmjs.org/d3-shape/-/d3-shape-3.2.0.tgz 6362ms (cache miss)
934 http fetch GET 200 https://registry.npmjs.org/semver/-/semver-7.7.4.tgz 6092ms (cache miss)
935 http fetch GET 200 https://registry.npmjs.org/sharp/-/sharp-0.34.5.tgz 6637ms (cache miss)
936 http fetch GET 200 https://registry.npmjs.org/esquery/-/esquery-1.7.0.tgz 6489ms (cache miss)
937 http fetch GET 200 https://registry.npmjs.org/esbuild 5733ms (cache miss)
938 silly packumentCache corgi:https://registry.npmjs.org/esbuild set size:undefined disposed:false
939 http fetch GET 200 https://registry.npmjs.org/uri-js/-/uri-js-4.4.1.tgz 6908ms (cache miss)
940 http fetch GET 200 https://registry.npmjs.org/autoprefixer/-/autoprefixer-10.4.27.tgz 6566ms (cache miss)
941 http fetch GET 200 https://registry.npmjs.org/@eslint/eslintrc/-/eslintrc-3.3.5.tgz 6391ms (cache miss)
942 http fetch GET 200 https://registry.npmjs.org/@babel/generator/-/generator-7.29.1.tgz 6406ms (cache miss)
943 http fetch GET 200 https://registry.npmjs.org/tailwind-merge/-/tailwind-merge-3.5.0.tgz 6943ms (cache miss)
944 http fetch GET 200 https://registry.npmjs.org/minimatch/-/minimatch-10.2.5.tgz 6406ms (cache miss)
945 http fetch GET 200 https://registry.npmjs.org/immer/-/immer-10.2.0.tgz 6815ms (cache miss)
946 http fetch GET 200 https://registry.npmjs.org/react-redux/-/react-redux-9.2.0.tgz 6958ms (cache miss)
947 http fetch GET 200 https://registry.npmjs.org/@typescript-eslint/utils/-/utils-8.58.1.tgz 6748ms (cache miss)
948 http fetch GET 200 https://registry.npmjs.org/@typescript-eslint/typescript-estree/-/typescript-estree-8.58.1.tgz 6789ms (cache miss)
949 http fetch GET 200 https://registry.npmjs.org/immer/-/immer-11.1.4.tgz 6601ms (cache miss)
950 http fetch GET 200 https://registry.npmjs.org/@babel/traverse/-/traverse-7.29.0.tgz 6700ms (cache miss)
951 http fetch GET 200 https://registry.npmjs.org/embla-carousel/-/embla-carousel-8.6.0.tgz 7036ms (cache miss)
952 http fetch GET 200 https://registry.npmjs.org/jiti/-/jiti-1.21.7.tgz 7151ms (cache miss)
953 http fetch GET 200 https://registry.npmjs.org/@babel/parser/-/parser-7.29.2.tgz 6795ms (cache miss)
954 http fetch GET 200 https://registry.npmjs.org/@rollup/rollup-linux-x64-musl/-/rollup-linux-x64-musl-4.60.1.tgz 6936ms (cache miss)
955 http fetch GET 200 https://registry.npmjs.org/@rollup/rollup-linux-x64-gnu/-/rollup-linux-x64-gnu-4.60.1.tgz 6944ms (cache miss)
956 http fetch GET 200 https://registry.npmjs.org/socket.io-client/-/socket.io-client-4.8.3.tgz 7331ms (cache miss)
957 http fetch GET 200 https://registry.npmjs.org/ajv/-/ajv-6.14.0.tgz 7093ms (cache miss)
958 http fetch GET 200 https://registry.npmjs.org/vite 6395ms (cache miss)
959 silly packumentCache corgi:https://registry.npmjs.org/vite set size:undefined disposed:false
960 http fetch GET 200 https://registry.npmjs.org/resolve/-/resolve-1.22.11.tgz 7530ms (cache miss)
961 http fetch GET 200 https://registry.npmjs.org/engine.io-client/-/engine.io-client-6.6.4.tgz 7564ms (cache miss)
962 silly packumentCache corgi:https://registry.npmjs.org/axios cache-miss
963 http fetch GET 200 https://registry.npmjs.org/@babel/core/-/core-7.29.0.tgz 7516ms (cache miss)
964 http fetch GET 200 https://registry.npmjs.org/axios 309ms (cache miss)
965 silly packumentCache corgi:https://registry.npmjs.org/axios set size:undefined disposed:false
966 http fetch GET 200 https://registry.npmjs.org/rollup/-/rollup-4.60.1.tgz 8153ms (cache miss)
967 silly packumentCache corgi:https://registry.npmjs.org/autoprefixer cache-miss
968 silly packumentCache corgi:https://registry.npmjs.org/postcss-import cache-miss
969 silly packumentCache corgi:https://registry.npmjs.org/postcss-js cache-miss
970 silly packumentCache corgi:https://registry.npmjs.org/postcss-load-config cache-miss
971 silly packumentCache corgi:https://registry.npmjs.org/postcss-nested cache-miss
972 silly packumentCache corgi:https://registry.npmjs.org/tailwindcss cache-miss
973 http fetch GET 200 https://registry.npmjs.org/@types/node/-/node-25.5.2.tgz 8072ms (cache miss)
974 http fetch GET 200 https://registry.npmjs.org/vite/-/vite-5.4.21.tgz 8506ms (cache miss)
975 http fetch GET 200 https://registry.npmjs.org/postcss-js 266ms (cache miss)
976 silly packumentCache corgi:https://registry.npmjs.org/postcss-js set size:undefined disposed:false
977 http fetch GET 200 https://registry.npmjs.org/postcss-import 310ms (cache miss)
978 silly packumentCache corgi:https://registry.npmjs.org/postcss-import set size:undefined disposed:false
979 http fetch GET 200 https://registry.npmjs.org/postcss-load-config 325ms (cache miss)
980 silly packumentCache corgi:https://registry.npmjs.org/postcss-load-config set size:undefined disposed:false
981 http fetch GET 200 https://registry.npmjs.org/postcss-nested 328ms (cache miss)
982 silly packumentCache corgi:https://registry.npmjs.org/postcss-nested set size:undefined disposed:false
983 http fetch GET 200 https://registry.npmjs.org/axios/-/axios-1.15.0.tgz 8286ms (cache miss)
984 http fetch GET 200 https://registry.npmjs.org/autoprefixer 440ms (cache miss)
985 silly packumentCache corgi:https://registry.npmjs.org/autoprefixer set size:undefined disposed:false
986 http fetch GET 200 https://registry.npmjs.org/react-dom/-/react-dom-18.3.1.tgz 8765ms (cache miss)
987 http fetch GET 200 https://registry.npmjs.org/@babel/helpers/-/helpers-7.29.2.tgz 8303ms (cache miss)
988 http fetch GET 200 https://registry.npmjs.org/sucrase/-/sucrase-3.35.1.tgz 8850ms (cache miss)
989 http fetch GET 200 https://registry.npmjs.org/@typescript-eslint/scope-manager/-/scope-manager-8.58.1.tgz 8803ms (cache miss)
990 http fetch GET 200 https://registry.npmjs.org/react-router/-/react-router-7.14.0.tgz 9136ms (cache miss)
991 http fetch GET 200 https://registry.npmjs.org/victory-vendor/-/victory-vendor-37.3.6.tgz 9266ms (cache miss)
992 http fetch GET 200 https://registry.npmjs.org/@tanstack/table-core/-/table-core-8.21.3.tgz 8863ms (cache miss)
993 http fetch GET 200 https://registry.npmjs.org/@babel/types/-/types-7.29.0.tgz 8765ms (cache miss)
994 http fetch GET 200 https://registry.npmjs.org/react-hook-form/-/react-hook-form-7.72.1.tgz 9534ms (cache miss)
995 http fetch GET 200 https://registry.npmjs.org/tailwindcss 1705ms (cache miss)
996 silly packumentCache corgi:https://registry.npmjs.org/tailwindcss set size:undefined disposed:false
997 silly packumentCache corgi:https://registry.npmjs.org/@vitejs%2fplugin-react cache-miss
998 http fetch GET 200 https://registry.npmjs.org/@vitejs%2fplugin-react 130ms (cache miss)
999 silly packumentCache corgi:https://registry.npmjs.org/@vitejs%2fplugin-react set size:undefined disposed:false
1000 http fetch GET 200 https://registry.npmjs.org/@typescript-eslint/eslint-plugin/-/eslint-plugin-8.58.1.tgz 10255ms (cache miss)
1001 http fetch GET 200 https://registry.npmjs.org/tailwindcss/-/tailwindcss-3.4.19.tgz 10644ms (cache miss)
1002 http fetch GET 200 https://registry.npmjs.org/@esbuild/linux-x64/-/linux-x64-0.21.5.tgz 10242ms (cache miss)
1003 http fetch GET 200 https://registry.npmjs.org/eslint/-/eslint-9.39.4.tgz 10628ms (cache miss)
1004 http fetch GET 200 https://registry.npmjs.org/@hookform/resolvers/-/resolvers-5.2.2.tgz 10407ms (cache miss)
1005 http fetch GET 200 https://registry.npmjs.org/@reduxjs/toolkit/-/toolkit-2.11.2.tgz 10612ms (cache miss)
1006 http fetch GET 200 https://registry.npmjs.org/caniuse-lite/-/caniuse-lite-1.0.30001787.tgz 11562ms (cache miss)
1007 http fetch GET 200 https://registry.npmjs.org/zod/-/zod-4.3.6.tgz 12214ms (cache miss)
1008 http fetch GET 200 https://registry.npmjs.org/@img/sharp-libvips-linux-x64/-/sharp-libvips-linux-x64-1.2.4.tgz 11748ms (cache miss)
1009 http fetch GET 200 https://registry.npmjs.org/@img/sharp-libvips-linuxmusl-x64/-/sharp-libvips-linuxmusl-x64-1.2.4.tgz 11776ms (cache miss)
1010 http fetch GET 200 https://registry.npmjs.org/react-day-picker/-/react-day-picker-9.14.0.tgz 12505ms (cache miss)
1011 http fetch GET 200 https://registry.npmjs.org/recharts/-/recharts-3.8.1.tgz 12599ms (cache miss)
1012 http fetch GET 200 https://registry.npmjs.org/typescript/-/typescript-5.6.3.tgz 12762ms (cache miss)
1013 http fetch GET 200 https://registry.npmjs.org/es-toolkit/-/es-toolkit-1.45.1.tgz 13803ms (cache miss)
1014 http fetch GET 200 https://registry.npmjs.org/date-fns-jalali/-/date-fns-jalali-4.1.0-0.tgz 13897ms (cache miss)
1015 http fetch GET 200 https://registry.npmjs.org/lucide-react/-/lucide-react-1.8.0.tgz 15067ms (cache miss)
1016 http fetch GET 200 https://registry.npmjs.org/date-fns/-/date-fns-4.1.0.tgz 15359ms (cache miss)
1017 info run sharp@0.34.5 install node_modules/sharp node install/check.js || npm run build
1018 info run sharp@0.34.5 install { code: 0, signal: null }
1019 info run esbuild@0.21.5 postinstall node_modules/esbuild node install.js
1020 info run esbuild@0.21.5 postinstall { code: 0, signal: null }
1021 silly ADD node_modules/zustand
1022 silly ADD node_modules/zod
1023 silly ADD node_modules/yocto-queue
1024 silly ADD node_modules/yallist
1025 silly ADD node_modules/xmlhttprequest-ssl
1026 silly ADD node_modules/ws
1027 silly ADD node_modules/word-wrap
1028 silly ADD node_modules/which
1029 silly ADD node_modules/vite
1030 silly ADD node_modules/victory-vendor
1031 silly ADD node_modules/util-deprecate
1032 silly ADD node_modules/use-sync-external-store
1033 silly ADD node_modules/use-sidecar
1034 silly ADD node_modules/use-callback-ref
1035 silly ADD node_modules/uri-js
1036 silly ADD node_modules/update-browserslist-db
1037 silly ADD node_modules/undici-types
1038 silly ADD node_modules/typescript-eslint
1039 silly ADD node_modules/typescript
1040 silly ADD node_modules/type-check
1041 silly ADD node_modules/tslib
1042 silly ADD node_modules/ts-interface-checker
1043 silly ADD node_modules/ts-api-utils
1044 silly ADD node_modules/to-regex-range
1045 silly ADD node_modules/tinyglobby
1046 silly ADD node_modules/tiny-invariant
1047 silly ADD node_modules/thenify-all
1048 silly ADD node_modules/thenify
1049 silly ADD node_modules/tailwindcss-animate
1050 silly ADD node_modules/tailwindcss
1051 silly ADD node_modules/tailwind-merge
1052 silly ADD node_modules/supports-preserve-symlinks-flag
1053 silly ADD node_modules/supports-color
1054 silly ADD node_modules/sucrase
1055 silly ADD node_modules/strip-json-comments
1056 silly ADD node_modules/source-map-js
1057 silly ADD node_modules/sonner
1058 silly ADD node_modules/socket.io-parser
1059 silly ADD node_modules/socket.io-client
1060 silly ADD node_modules/shebang-regex
1061 silly ADD node_modules/shebang-command
1062 silly ADD node_modules/sharp
1063 silly ADD node_modules/sharp/node_modules/semver
1064 silly ADD node_modules/set-cookie-parser
1065 silly ADD node_modules/semver
1066 silly ADD node_modules/scheduler
1067 silly ADD node_modules/run-parallel
1068 silly ADD node_modules/rollup
1069 silly ADD node_modules/reusify
1070 silly ADD node_modules/resolve-from
1071 silly ADD node_modules/resolve
1072 silly ADD node_modules/reselect
1073 silly ADD node_modules/redux-thunk
1074 silly ADD node_modules/redux
1075 silly ADD node_modules/recharts
1076 silly ADD node_modules/readdirp
1077 silly ADD node_modules/readdirp/node_modules/picomatch
1078 silly ADD node_modules/read-cache
1079 silly ADD node_modules/react-style-singleton
1080 silly ADD node_modules/react-router-dom
1081 silly ADD node_modules/react-router
1082 silly ADD node_modules/react-remove-scroll-bar
1083 silly ADD node_modules/react-remove-scroll
1084 silly ADD node_modules/react-refresh
1085 silly ADD node_modules/react-redux
1086 silly ADD node_modules/react-is
1087 silly ADD node_modules/react-hook-form
1088 silly ADD node_modules/react-dom
1089 silly ADD node_modules/react-day-picker
1090 silly ADD node_modules/react
1091 silly ADD node_modules/queue-microtask
1092 silly ADD node_modules/punycode
1093 silly ADD node_modules/proxy-from-env
1094 silly ADD node_modules/prelude-ls
1095 silly ADD node_modules/postcss-value-parser
1096 silly ADD node_modules/postcss-selector-parser
1097 silly ADD node_modules/postcss-nested
1098 silly ADD node_modules/postcss-load-config
1099 silly ADD node_modules/postcss-js
1100 silly ADD node_modules/postcss-import
1101 silly ADD node_modules/postcss
1102 silly ADD node_modules/pirates
1103 silly ADD node_modules/pify
1104 silly ADD node_modules/picomatch
1105 silly ADD node_modules/picocolors
1106 silly ADD node_modules/path-parse
1107 silly ADD node_modules/path-key
1108 silly ADD node_modules/path-exists
1109 silly ADD node_modules/parent-module
1110 silly ADD node_modules/p-locate
1111 silly ADD node_modules/p-limit
1112 silly ADD node_modules/optionator
1113 silly ADD node_modules/object-hash
1114 silly ADD node_modules/object-assign
1115 silly ADD node_modules/normalize-path
1116 silly ADD node_modules/node-releases
1117 silly ADD node_modules/natural-compare
1118 silly ADD node_modules/nanoid
1119 silly ADD node_modules/mz
1120 silly ADD node_modules/ms
1121 silly ADD node_modules/minimatch
1122 silly ADD node_modules/mime-types
1123 silly ADD node_modules/mime-db
1124 silly ADD node_modules/micromatch
1125 silly ADD node_modules/micromatch/node_modules/picomatch
1126 silly ADD node_modules/merge2
1127 silly ADD node_modules/math-intrinsics
1128 silly ADD node_modules/lucide-react
1129 silly ADD node_modules/lru-cache
1130 silly ADD node_modules/loose-envify
1131 silly ADD node_modules/lodash.merge
1132 silly ADD node_modules/locate-path
1133 silly ADD node_modules/lines-and-columns
1134 silly ADD node_modules/lilconfig
1135 silly ADD node_modules/levn
1136 silly ADD node_modules/keyv
1137 silly ADD node_modules/json5
1138 silly ADD node_modules/json-stable-stringify-without-jsonify
1139 silly ADD node_modules/json-schema-traverse
1140 silly ADD node_modules/json-buffer
1141 silly ADD node_modules/jsesc
1142 silly ADD node_modules/js-yaml
1143 silly ADD node_modules/js-tokens
1144 silly ADD node_modules/jiti
1145 silly ADD node_modules/isexe
1146 silly ADD node_modules/is-number
1147 silly ADD node_modules/is-glob
1148 silly ADD node_modules/is-extglob
1149 silly ADD node_modules/is-core-module
1150 silly ADD node_modules/is-binary-path
1151 silly ADD node_modules/internmap
1152 silly ADD node_modules/imurmurhash
1153 silly ADD node_modules/import-fresh
1154 silly ADD node_modules/immer
1155 silly ADD node_modules/ignore
1156 silly ADD node_modules/hasown
1157 silly ADD node_modules/has-tostringtag
1158 silly ADD node_modules/has-symbols
1159 silly ADD node_modules/has-flag
1160 silly ADD node_modules/gopd
1161 silly ADD node_modules/globals
1162 silly ADD node_modules/glob-parent
1163 silly ADD node_modules/get-proto
1164 silly ADD node_modules/get-nonce
1165 silly ADD node_modules/get-intrinsic
1166 silly ADD node_modules/gensync
1167 silly ADD node_modules/function-bind
1168 silly ADD
1169 silly ADD node_modules/fraction.js
1170 silly ADD node_modules/form-data
1171 silly ADD node_modules/follow-redirects
1172 silly ADD node_modules/flatted
1173 silly ADD node_modules/flat-cache
1174 silly ADD node_modules/find-up
1175 silly ADD node_modules/fill-range
1176 silly ADD node_modules/file-entry-cache
1177 silly ADD node_modules/fdir
1178 silly ADD node_modules/fastq
1179 silly ADD node_modules/fast-levenshtein
1180 silly ADD node_modules/fast-json-stable-stringify
1181 silly ADD node_modules/fast-glob
1182 silly ADD node_modules/fast-glob/node_modules/glob-parent
1183 silly ADD node_modules/fast-deep-equal
1184 silly ADD node_modules/eventemitter3
1185 silly ADD node_modules/esutils
1186 silly ADD node_modules/estraverse
1187 silly ADD node_modules/esrecurse
1188 silly ADD node_modules/esquery
1189 silly ADD node_modules/espree
1190 silly ADD node_modules/eslint-visitor-keys
1191 silly ADD node_modules/eslint-scope
1192 silly ADD node_modules/eslint-plugin-react-refresh
1193 silly ADD node_modules/eslint-plugin-react-hooks
1194 silly ADD node_modules/eslint
1195 silly ADD node_modules/escape-string-regexp
1196 silly ADD node_modules/escalade
1197 silly ADD node_modules/esbuild
1198 silly ADD node_modules/es-toolkit
1199 silly ADD node_modules/es-set-tostringtag
1200 silly ADD node_modules/es-object-atoms
1201 silly ADD node_modules/es-errors
1202 silly ADD node_modules/es-define-property
1203 silly ADD node_modules/engine.io-parser
1204 silly ADD node_modules/engine.io-client
1205 silly ADD node_modules/embla-carousel-reactive-utils
1206 silly ADD node_modules/embla-carousel-react
1207 silly ADD node_modules/embla-carousel
1208 silly ADD node_modules/electron-to-chromium
1209 silly ADD node_modules/dunder-proto
1210 silly ADD node_modules/dlv
1211 silly ADD node_modules/didyoumean
1212 silly ADD node_modules/detect-node-es
1213 silly ADD node_modules/detect-libc
1214 silly ADD node_modules/delayed-stream
1215 silly ADD node_modules/deep-is
1216 silly ADD node_modules/decimal.js-light
1217 silly ADD node_modules/debug
1218 silly ADD node_modules/date-fns-jalali
1219 silly ADD node_modules/date-fns
1220 silly ADD node_modules/d3-timer
1221 silly ADD node_modules/d3-time-format
1222 silly ADD node_modules/d3-time
1223 silly ADD node_modules/d3-shape
1224 silly ADD node_modules/d3-scale
1225 silly ADD node_modules/d3-path
1226 silly ADD node_modules/d3-interpolate
1227 silly ADD node_modules/d3-format
1228 silly ADD node_modules/d3-ease
1229 silly ADD node_modules/d3-color
1230 silly ADD node_modules/d3-array
1231 silly ADD node_modules/csstype
1232 silly ADD node_modules/cssesc
1233 silly ADD node_modules/cross-spawn
1234 silly ADD node_modules/cookie
1235 silly ADD node_modules/convert-source-map
1236 silly ADD node_modules/concat-map
1237 silly ADD node_modules/commander
1238 silly ADD node_modules/combined-stream
1239 silly ADD node_modules/color-name
1240 silly ADD node_modules/color-convert
1241 silly ADD node_modules/clsx
1242 silly ADD node_modules/class-variance-authority
1243 silly ADD node_modules/chokidar
1244 silly ADD node_modules/chokidar/node_modules/glob-parent
1245 silly ADD node_modules/chalk
1246 silly ADD node_modules/caniuse-lite
1247 silly ADD node_modules/camelcase-css
1248 silly ADD node_modules/callsites
1249 silly ADD node_modules/call-bind-apply-helpers
1250 silly ADD node_modules/browserslist
1251 silly ADD node_modules/braces
1252 silly ADD node_modules/brace-expansion
1253 silly ADD node_modules/binary-extensions
1254 silly ADD node_modules/baseline-browser-mapping
1255 silly ADD node_modules/balanced-match
1256 silly ADD node_modules/axios
1257 silly ADD node_modules/autoprefixer
1258 silly ADD node_modules/asynckit
1259 silly ADD node_modules/aria-hidden
1260 silly ADD node_modules/argparse
1261 silly ADD node_modules/arg
1262 silly ADD node_modules/anymatch
1263 silly ADD node_modules/anymatch/node_modules/picomatch
1264 silly ADD node_modules/any-promise
1265 silly ADD node_modules/ansi-styles
1266 silly ADD node_modules/ajv
1267 silly ADD node_modules/acorn-jsx
1268 silly ADD node_modules/acorn
1269 silly ADD node_modules/@vitejs/plugin-react
1270 silly ADD node_modules/@typescript-eslint/visitor-keys
1271 silly ADD node_modules/@typescript-eslint/visitor-keys/node_modules/eslint-visitor-keys
1272 silly ADD node_modules/@typescript-eslint/utils
1273 silly ADD node_modules/@typescript-eslint/typescript-estree
1274 silly ADD node_modules/@typescript-eslint/typescript-estree/node_modules/semver
1275 silly ADD node_modules/@typescript-eslint/typescript-estree/node_modules/minimatch
1276 silly ADD node_modules/@typescript-eslint/typescript-estree/node_modules/brace-expansion
1277 silly ADD node_modules/@typescript-eslint/typescript-estree/node_modules/balanced-match
1278 silly ADD node_modules/@typescript-eslint/types
1279 silly ADD node_modules/@typescript-eslint/type-utils
1280 silly ADD node_modules/@typescript-eslint/tsconfig-utils
1281 silly ADD node_modules/@typescript-eslint/scope-manager
1282 silly ADD node_modules/@typescript-eslint/project-service
1283 silly ADD node_modules/@typescript-eslint/parser
1284 silly ADD node_modules/@typescript-eslint/eslint-plugin
1285 silly ADD node_modules/@typescript-eslint/eslint-plugin/node_modules/ignore
1286 silly ADD node_modules/@types/use-sync-external-store
1287 silly ADD node_modules/@types/react-dom
1288 silly ADD node_modules/@types/react
1289 silly ADD node_modules/@types/prop-types
1290 silly ADD node_modules/@types/node
1291 silly ADD node_modules/@types/json-schema
1292 silly ADD node_modules/@types/estree
1293 silly ADD node_modules/@types/d3-timer
1294 silly ADD node_modules/@types/d3-time
1295 silly ADD node_modules/@types/d3-shape
1296 silly ADD node_modules/@types/d3-scale
1297 silly ADD node_modules/@types/d3-path
1298 silly ADD node_modules/@types/d3-interpolate
1299 silly ADD node_modules/@types/d3-ease
1300 silly ADD node_modules/@types/d3-color
1301 silly ADD node_modules/@types/d3-array
1302 silly ADD node_modules/@types/babel__traverse
1303 silly ADD node_modules/@types/babel__template
1304 silly ADD node_modules/@types/babel__generator
1305 silly ADD node_modules/@types/babel__core
1306 silly ADD node_modules/@tanstack/table-core
1307 silly ADD node_modules/@tanstack/react-table
1308 silly ADD node_modules/@tabby_ai/hijri-converter
1309 silly ADD node_modules/@standard-schema/utils
1310 silly ADD node_modules/@standard-schema/spec
1311 silly ADD node_modules/@socket.io/component-emitter
1312 silly ADD
1313 silly ADD
1314 silly ADD
1315 silly ADD
1316 silly ADD
1317 silly ADD
1318 silly ADD node_modules/@rollup/rollup-linux-x64-musl
1319 silly ADD node_modules/@rollup/rollup-linux-x64-gnu
1320 silly ADD
1321 silly ADD
1322 silly ADD
1323 silly ADD
1324 silly ADD
1325 silly ADD
1326 silly ADD
1327 silly ADD
1328 silly ADD
1329 silly ADD
1330 silly ADD
1331 silly ADD
1332 silly ADD
1333 silly ADD
1334 silly ADD
1335 silly ADD
1336 silly ADD
1337 silly ADD node_modules/@rolldown/pluginutils
1338 silly ADD node_modules/@reduxjs/toolkit
1339 silly ADD node_modules/@reduxjs/toolkit/node_modules/immer
1340 silly ADD node_modules/@radix-ui/rect
1341 silly ADD node_modules/@radix-ui/react-visually-hidden
1342 silly ADD node_modules/@radix-ui/react-use-size
1343 silly ADD node_modules/@radix-ui/react-use-rect
1344 silly ADD node_modules/@radix-ui/react-use-previous
1345 silly ADD node_modules/@radix-ui/react-use-layout-effect
1346 silly ADD node_modules/@radix-ui/react-use-is-hydrated
1347 silly ADD node_modules/@radix-ui/react-use-escape-keydown
1348 silly ADD node_modules/@radix-ui/react-use-effect-event
1349 silly ADD node_modules/@radix-ui/react-use-controllable-state
1350 silly ADD node_modules/@radix-ui/react-use-callback-ref
1351 silly ADD node_modules/@radix-ui/react-tooltip
1352 silly ADD node_modules/@radix-ui/react-tooltip/node_modules/@radix-ui/react-slot
1353 silly ADD node_modules/@radix-ui/react-toast
1354 silly ADD node_modules/@radix-ui/react-tabs
1355 silly ADD node_modules/@radix-ui/react-switch
1356 silly ADD node_modules/@radix-ui/react-slot
1357 silly ADD node_modules/@radix-ui/react-slider
1358 silly ADD node_modules/@radix-ui/react-separator
1359 silly ADD node_modules/@radix-ui/react-separator/node_modules/@radix-ui/react-primitive
1360 silly ADD node_modules/@radix-ui/react-select
1361 silly ADD node_modules/@radix-ui/react-select/node_modules/@radix-ui/react-slot
1362 silly ADD node_modules/@radix-ui/react-scroll-area
1363 silly ADD node_modules/@radix-ui/react-roving-focus
1364 silly ADD node_modules/@radix-ui/react-radio-group
1365 silly ADD node_modules/@radix-ui/react-progress
1366 silly ADD node_modules/@radix-ui/react-progress/node_modules/@radix-ui/react-primitive
1367 silly ADD node_modules/@radix-ui/react-progress/node_modules/@radix-ui/react-context
1368 silly ADD node_modules/@radix-ui/react-primitive
1369 silly ADD node_modules/@radix-ui/react-primitive/node_modules/@radix-ui/react-slot
1370 silly ADD node_modules/@radix-ui/react-presence
1371 silly ADD node_modules/@radix-ui/react-portal
1372 silly ADD node_modules/@radix-ui/react-popper
1373 silly ADD node_modules/@radix-ui/react-popover
1374 silly ADD node_modules/@radix-ui/react-popover/node_modules/@radix-ui/react-slot
1375 silly ADD node_modules/@radix-ui/react-menubar
1376 silly ADD node_modules/@radix-ui/react-menu
1377 silly ADD node_modules/@radix-ui/react-menu/node_modules/@radix-ui/react-slot
1378 silly ADD node_modules/@radix-ui/react-label
1379 silly ADD node_modules/@radix-ui/react-label/node_modules/@radix-ui/react-primitive
1380 silly ADD node_modules/@radix-ui/react-id
1381 silly ADD node_modules/@radix-ui/react-focus-scope
1382 silly ADD node_modules/@radix-ui/react-focus-guards
1383 silly ADD node_modules/@radix-ui/react-dropdown-menu
1384 silly ADD node_modules/@radix-ui/react-dismissable-layer
1385 silly ADD node_modules/@radix-ui/react-direction
1386 silly ADD node_modules/@radix-ui/react-dialog
1387 silly ADD node_modules/@radix-ui/react-dialog/node_modules/@radix-ui/react-slot
1388 silly ADD node_modules/@radix-ui/react-context
1389 silly ADD node_modules/@radix-ui/react-compose-refs
1390 silly ADD node_modules/@radix-ui/react-collection
1391 silly ADD node_modules/@radix-ui/react-collection/node_modules/@radix-ui/react-slot
1392 silly ADD node_modules/@radix-ui/react-collapsible
1393 silly ADD node_modules/@radix-ui/react-checkbox
1394 silly ADD node_modules/@radix-ui/react-avatar
1395 silly ADD node_modules/@radix-ui/react-avatar/node_modules/@radix-ui/react-primitive
1396 silly ADD node_modules/@radix-ui/react-avatar/node_modules/@radix-ui/react-context
1397 silly ADD node_modules/@radix-ui/react-arrow
1398 silly ADD node_modules/@radix-ui/react-alert-dialog
1399 silly ADD node_modules/@radix-ui/react-alert-dialog/node_modules/@radix-ui/react-slot
1400 silly ADD node_modules/@radix-ui/react-accordion
1401 silly ADD node_modules/@radix-ui/primitive
1402 silly ADD node_modules/@radix-ui/number
1403 silly ADD node_modules/@nodelib/fs.walk
1404 silly ADD node_modules/@nodelib/fs.stat
1405 silly ADD node_modules/@nodelib/fs.scandir
1406 silly ADD node_modules/@jridgewell/trace-mapping
1407 silly ADD node_modules/@jridgewell/sourcemap-codec
1408 silly ADD node_modules/@jridgewell/resolve-uri
1409 silly ADD node_modules/@jridgewell/remapping
1410 silly ADD node_modules/@jridgewell/gen-mapping
1411 silly ADD
1412 silly ADD
1413 silly ADD
1414 silly ADD
1415 silly ADD node_modules/@img/sharp-linuxmusl-x64
1416 silly ADD
1417 silly ADD node_modules/@img/sharp-linux-x64
1418 silly ADD
1419 silly ADD
1420 silly ADD
1421 silly ADD
1422 silly ADD
1423 silly ADD node_modules/@img/sharp-libvips-linuxmusl-x64
1424 silly ADD
1425 silly ADD node_modules/@img/sharp-libvips-linux-x64
1426 silly ADD
1427 silly ADD
1428 silly ADD
1429 silly ADD
1430 silly ADD
1431 silly ADD
1432 silly ADD
1433 silly ADD
1434 silly ADD
1435 silly ADD node_modules/@img/colour
1436 silly ADD node_modules/@humanwhocodes/retry
1437 silly ADD node_modules/@humanwhocodes/module-importer
1438 silly ADD node_modules/@humanfs/node
1439 silly ADD node_modules/@humanfs/core
1440 silly ADD node_modules/@hookform/resolvers
1441 silly ADD node_modules/@floating-ui/utils
1442 silly ADD node_modules/@floating-ui/react-dom
1443 silly ADD node_modules/@floating-ui/dom
1444 silly ADD node_modules/@floating-ui/core
1445 silly ADD node_modules/@eslint/plugin-kit
1446 silly ADD node_modules/@eslint/object-schema
1447 silly ADD node_modules/@eslint/js
1448 silly ADD node_modules/@eslint/eslintrc
1449 silly ADD node_modules/@eslint/eslintrc/node_modules/globals
1450 silly ADD node_modules/@eslint/core
1451 silly ADD node_modules/@eslint/config-helpers
1452 silly ADD node_modules/@eslint/config-array
1453 silly ADD node_modules/@eslint-community/regexpp
1454 silly ADD node_modules/@eslint-community/eslint-utils
1455 silly ADD node_modules/@eslint-community/eslint-utils/node_modules/eslint-visitor-keys
1456 silly ADD
1457 silly ADD
1458 silly ADD
1459 silly ADD
1460 silly ADD
1461 silly ADD
1462 silly ADD node_modules/@esbuild/linux-x64
1463 silly ADD
1464 silly ADD
1465 silly ADD
1466 silly ADD
1467 silly ADD
1468 silly ADD
1469 silly ADD
1470 silly ADD
1471 silly ADD
1472 silly ADD
1473 silly ADD
1474 silly ADD
1475 silly ADD
1476 silly ADD
1477 silly ADD
1478 silly ADD
1479 silly ADD
1480 silly ADD node_modules/@date-fns/tz
1481 silly ADD node_modules/@babel/types
1482 silly ADD node_modules/@babel/traverse
1483 silly ADD node_modules/@babel/template
1484 silly ADD node_modules/@babel/plugin-transform-react-jsx-source
1485 silly ADD node_modules/@babel/plugin-transform-react-jsx-self
1486 silly ADD node_modules/@babel/parser
1487 silly ADD node_modules/@babel/helpers
1488 silly ADD node_modules/@babel/helper-validator-option
1489 silly ADD node_modules/@babel/helper-validator-identifier
1490 silly ADD node_modules/@babel/helper-string-parser
1491 silly ADD node_modules/@babel/helper-plugin-utils
1492 silly ADD node_modules/@babel/helper-module-transforms
1493 silly ADD node_modules/@babel/helper-module-imports
1494 silly ADD node_modules/@babel/helper-globals
1495 silly ADD node_modules/@babel/helper-compilation-targets
1496 silly ADD node_modules/@babel/generator
1497 silly ADD node_modules/@babel/core
1498 silly ADD node_modules/@babel/compat-data
1499 silly ADD node_modules/@babel/code-frame
1500 silly ADD node_modules/@alloc/quick-lru
1501 verbose cwd /www/frontend
1502 verbose os Linux 6.8.0-71-generic
1503 verbose node v20.20.2
1504 verbose npm  v10.8.2
1505 notice
1505 notice New major version of npm available! 10.8.2 -> 11.13.0
1505 notice Changelog: https://github.com/npm/cli/releases/tag/v11.13.0
1505 notice To update run: npm install -g npm@11.13.0
1505 notice  { force: true, [Symbol(proc-log.meta)]: true }
1506 verbose exit 0
1507 info ok
